code,pubDate,statDate,roeAvg,npMargin,gpMargin,netProfit,epsTTM,MBRevenue,totalShare,liqaShare
sz.000503,2017-08-26,2017-06-30,-0.058130,-1.121666,0.215781,-91288036.030000,0.004127,81386088.540000,898822204.00,898779932.00
sz.000503,2018-08-25,2018-06-30,-0.064814,-4.021830,-1.813402,-89901244.100000,0.009336,22353316.370000,898822204.00,898779932.00
sz.000503,2019-08-24,2019-06-30,-0.096548,-3.568679,-1.475749,-112378502.310000,-0.234952,31490225.820000,898822204.00,898779932.00
sz.000503,2020-08-28,2020-06-30,-0.102715,-3.016812,-1.075243,-120269058.800000,0.010551,39866270.320000,898822204.00,898779932.00
sz.000606,2017-08-16,2017-06-30,-0.013886,-0.162512,0.352977,-36673810.550000,-0.006015,224797047.760000,765799353.00,472113600.00
sz.000606,2018-08-31,2018-06-30,0.021563,0.207679,0.291985,68552341.470000,0.212564,328615459.210000,765799353.00,472113600.00
sz.000606,2019-08-31,2019-06-30,0.033467,0.128642,0.259680,99660704.240000,0.167227,765118243.420000,765799353.00,560358729.00
sz.000606,2020-08-31,2020-06-30,0.031229,0.021731,0.089724,52289832.680000,-1.381947,2404116024.030000,765799353.00,707201606.00
sz.000638,2017-08-31,2017-06-30,0.023279,0.138892,0.476917,11842696.300000,0.039021,39729598.700000,309400000.00,309400000.00
sz.000638,2018-08-30,2018-06-30,-0.064448,-0.421565,0.419972,-19376526.370000,-0.017755,45963368.610000,309400000.00,309400000.00
sz.000638,2019-08-30,2019-06-30,-0.033579,-0.068738,0.452524,-2866591.340000,-0.437793,41703265.940000,309400000.00,309400000.00
sz.000638,2020-08-31,2020-06-30,-0.078725,-0.354567,0.300976,-14513158.930000,0.007665,40932114.010000,309400000.00,309400000.00
sz.000676,2017-08-30,2017-06-30,0.046378,0.086050,0.137454,218941937.040000,0.463491,2544364276.360000,965710782.00,316489122.00
sz.000676,2018-08-15,2018-06-30,0.082850,0.115953,0.187699,437328813.470000,0.772877,3771598545.180000,965710782.00,317057894.00
sz.000676,2019-08-24,2019-06-30,0.053928,0.067092,0.140297,326056276.230000,0.590933,4859837699.070000,1020000075.00,502951808.00
sz.000676,2020-08-28,2020-06-30,-0.011196,-0.019142,0.049510,-114027424.620000,0.164550,5956866746.930000,1325700535.00,1007937454.00
sz.000839,2017-08-29,2017-06-30,0.035593,0.125340,0.213255,288489089.770000,0.076866,2301653802.040000,3919826352.00,3919007202.00
sz.000839,2018-08-31,2018-06-30,-0.000056,-0.011489,0.143646,-21949094.960000,0.004631,1910520659.320000,3919826352.00,3919007202.00
sz.000839,2019-08-31,2019-06-30,0.016877,0.085302,0.101506,137227830.580000,0.551695,1608732227.590000,3919826352.00,3919007202.00
sz.000839,2020-08-29,2020-06-30,-0.019010,-0.138085,0.104940,-204340781.130000,-0.080749,1479821982.020000,3919826352.00,3919826352.00
sz.000889,2017-08-29,2017-06-30,0.042973,0.124192,0.237112,107807126.950000,0.321456,868066561.620000,621826786.00,445338490.00
sz.000889,2018-08-28,2018-06-30,0.040452,0.084187,0.190470,115669623.080000,0.370908,1370148788.820000,621826786.00,621643712.00
sz.000889,2019-08-27,2019-06-30,0.022982,0.051496,0.149489,83590401.220000,0.338674,1623250801.740000,669101883.00,621643712.00
sz.000889,2020-08-18,2020-06-30,0.005516,0.011473,0.137751,12847784.750000,-1.959210,1119875086.890000,669101883.00,621643712.00
sz.000917,2017-08-12,2017-06-30,0.011102,0.066505,0.228570,251922631.620000,0.225798,3784439034.110000,1417556338.00,1062082046.00
sz.000917,2018-08-31,2018-06-30,-0.003545,0.013372,0.190550,62001693.750000,-0.438522,4630382254.800000,1417556338.00,1294639951.00
sz.000917,2019-08-31,2019-06-30,0.001099,0.012015,0.284662,34905287.000000,0.094587,2894071849.290000,1417556338.00,1294639951.00
sz.000917,2020-08-31,2020-06-30,-0.024474,-0.088219,0.196396,-216813465.240000,-0.118010,2457668744.680000,1417556338.00,1295200789.00
sz.000971,2017-08-26,2017-06-30,0.023153,0.195845,0.353487,82034348.260000,0.285547,418872891.670000,511273668.00,243828061.00
sz.000971,2018-08-31,2018-06-30,0.007602,0.065613,0.242658,27718376.020000,0.099891,422449507.940000,1021635336.00,591261143.00
sz.000971,2019-08-30,2019-06-30,0.003911,0.016803,0.278979,7140977.060000,-2.036358,424991661.180000,1088491792.00,591490047.00
sz.000971,2020-08-31,2020-06-30,0.009564,0.025667,0.261912,10305952.670000,-0.594147,401519527.630000,1055307925.00,798669015.00
sz.002065,2017-08-30,2017-06-30,0.068600,0.243077,0.322672,612273904.870000,0.755494,2518317751.800000,1569893780.00,1368433844.00
sz.002065,2018-08-30,2018-06-30,0.036825,0.104857,0.321698,327577867.090000,0.122580,3122663242.280000,3139787560.00,2787580616.00
sz.002065,2019-08-30,2019-06-30,0.041305,0.105315,0.336087,378403446.790000,0.275895,3593070927.630000,3115482375.00,2807535989.00
sz.002065,2020-08-11,2020-06-30,0.041279,0.107327,0.347280,390655527.440000,0.192003,3639302342.080000,3115482375.00,2807662252.00
sz.002072,2017-08-19,2017-06-30,0.028089,0.053522,0.403829,2730972.610000,-0.113628,51024768.520000,176000000.00,176000000.00
sz.002072,2018-08-24,2018-06-30,-0.175075,-0.214802,0.139659,-11194869.240000,-0.270570,52117194.700000,176000000.00,169142650.00
sz.002072,2019-08-21,2019-06-30,,-0.912053,0.084560,-15918236.000000,-1.456608,17453194.990000,176000000.00,166148433.00
sz.002072,2020-08-25,2020-06-30,0.153491,0.257608,0.875200,4003685.480000,0.161252,15541769.220000,176000000.00,152919100.00
sz.002095,2017-08-25,2017-06-30,0.016705,0.076396,0.364240,13503682.730000,0.054031,176758154.570000,252720000.00,251602512.00
sz.002095,2018-08-28,2018-06-30,0.033042,0.137795,0.402023,28138395.580000,0.131599,204159816.840000,252720000.00,251638091.00
sz.002095,2019-08-24,2019-06-30,0.021177,0.120326,0.350765,20571503.840000,0.099824,170964574.490000,252720000.00,251638091.00
sz.002095,2020-08-27,2020-06-30,0.014917,0.107239,0.338641,15987748.760000,0.119225,149085414.070000,252720000.00,251681731.00
sz.002113,2017-08-18,2017-06-30,0.017825,0.187732,0.938745,17154074.460000,0.076226,91375200.730000,754479856.00,473487292.00
sz.002113,2018-08-30,2018-06-30,0.011186,-1.237372,0.520980,30047024.800000,0.011927,287785064.880000,1532692930.00,804928397.00
sz.002113,2019-08-26,2019-06-30,0.025886,0.212151,0.376047,60197947.050000,-0.006044,283750230.190000,1532692930.00,923768017.00
sz.002113,2020-08-26,2020-06-30,0.203453,0.117628,0.275820,33272052.860000,-1.419508,282859025.450000,1532692930.00,940821726.00
sz.002131,2017-08-31,2017-06-30,0.042506,0.072283,0.174816,330930931.460000,0.110052,4555639323.040000,5607625387.00,3061324019.00
sz.002131,2018-08-29,2018-06-30,0.021505,0.026595,0.109068,174538407.770000,0.048786,6539448083.220000,5587863872.00,3385006659.00
sz.002131,2019-08-23,2019-06-30,0.030376,0.033537,0.106758,234038721.440000,-0.271353,6955761321.410000,6654848187.00,4803683191.00
sz.002131,2020-08-11,2020-06-30,0.031516,0.035685,0.082849,262509313.110000,0.050759,7337200377.700000,6754804205.00,5787341295.00
sz.002153,2017-08-24,2017-06-30,0.036444,0.149858,0.459705,182852840.130000,0.370831,1220175635.630000,1066788753.00,484463043.00
sz.002153,2018-08-30,2018-06-30,0.030625,0.165881,0.478910,208298986.280000,0.413015,1255712569.120000,1066788753.00,484456043.00
sz.002153,2019-08-29,2019-06-30,0.024955,0.157150,0.469320,238304720.280000,0.438174,1516415121.610000,1067913281.00,485587571.00
sz.002153,2020-08-27,2020-06-30,0.006719,0.047923,0.410766,65448412.650000,0.203193,1365687705.950000,1070744175.00,487900965.00
sz.002168,2017-08-01,2017-06-30,-0.047988,-0.427165,0.273689,-65048114.200000,0.038276,140887669.670000,820589768.00,766059768.00
sz.002168,2018-08-21,2018-06-30,0.160748,0.255364,0.737448,286394822.080000,0.252465,1121067248.790000,820589768.00,783764768.00
sz.002168,2019-08-23,2019-06-30,0.029156,0.202855,0.693072,88665739.090000,0.176536,434703243.350000,814139568.00,794579643.00
sz.002168,2020-08-26,2020-06-30,0.017491,0.102336,0.683900,52544148.920000,0.138088,513448852.430000,801929568.00,792858393.00
sz.002174,2017-08-24,2017-06-30,0.118191,0.201644,0.470668,338699360.110000,0.804478,1679690336.240000,861315045.00,548792392.00
sz.002174,2018-08-29,2018-06-30,0.120453,0.276882,0.575733,494730033.660000,0.910989,1786787310.700000,888467873.00,618765770.00
sz.002174,2019-08-31,2019-06-30,0.085458,0.235277,0.530645,407000184.690000,1.039087,1729874938.240000,888467873.00,644886620.00
sz.002174,2020-08-26,2020-06-30,0.093106,0.197099,0.387718,496055405.880000,0.381900,2516786165.630000,901364231.00,675221121.00
sz.002195,2017-08-18,2017-06-30,0.066225,0.424283,0.910967,452319003.340000,0.260512,1066077322.530000,3285446248.00,1872915411.00
sz.002195,2018-08-17,2018-06-30,0.077599,0.465759,0.872334,613764733.610000,0.249957,1317153491.490000,4435684822.00,4229971688.00
sz.002195,2019-08-15,2019-06-30,0.067275,0.389265,0.917596,700611051.130000,0.242489,1799832073.300000,5770427743.00,5581730028.00
sz.002195,2020-08-18,2020-06-30,0.020490,0.321199,0.921665,209528321.000000,0.056319,652063077.110000,5724847663.00,5643999427.00
sz.002197,2017-08-24,2017-06-30,0.003411,0.008398,0.255277,6306969.530000,0.102916,750965951.840000,519678668.00,340689298.00
sz.002197,2018-08-11,2018-06-30,0.012156,0.043466,0.300293,27939589.090000,0.131002,642793957.910000,515156948.00,434568314.00
sz.002197,2019-08-07,2019-06-30,0.007340,0.022609,0.316114,12604275.380000,-0.499170,557494406.990000,515156948.00,434561814.00
sz.002197,2020-08-21,2020-06-30,0.004709,0.013857,0.351822,6757554.020000,0.027017,487680201.580000,515156948.00,435069582.00
sz.002212,2017-08-29,2017-06-30,-0.001788,-0.006458,0.178200,-11716055.010000,0.012483,1811635451.790000,1146902165.00,231404892.00
sz.002212,2018-08-25,2018-06-30,0.001283,0.002635,0.149018,7209850.110000,0.389774,2732550825.330000,1146902165.00,642455356.00
sz.002212,2019-08-30,2019-06-30,-0.009540,-0.031678,0.198806,-81697340.270000,0.341715,2572625035.840000,1158483285.00,896421771.00
sz.002212,2020-08-31,2020-06-30,-0.023414,-0.092803,0.176082,-220545175.820000,0.235460,2376487106.430000,1158483285.00,1123479392.00
sz.002235,2017-08-24,2017-06-30,0.015766,0.129860,0.281719,37148186.090000,0.105435,284134729.030000,413736540.00,269395053.00
sz.002235,2018-08-22,2018-06-30,0.022279,0.145802,0.267107,49657785.000000,-0.565584,338349428.420000,623964810.00,500354168.00
sz.002235,2019-08-28,2019-06-30,0.046354,0.507360,0.323311,100219875.540000,0.209373,193394495.020000,601276238.00,500366731.00
sz.002235,2020-08-27,2020-06-30,-0.005359,-0.061303,0.191687,-10258980.140000,-0.148360,162881855.760000,580586284.00,530343477.00
sz.002261,2017-08-21,2017-06-30,0.033767,0.233447,0.639153,128573930.770000,0.190969,550762150.660000,1111149436.00,925683575.00
sz.002261,2018-08-27,2018-06-30,0.003693,0.027506,0.528441,13413982.980000,-0.044379,487669998.950000,1110641516.00,972014729.00
sz.002261,2019-08-30,2019-06-30,0.011678,0.051677,0.494345,28202692.670000,-1.227243,545748205.040000,1100766874.00,879173176.00
sz.002261,2020-07-15,2020-06-30,0.014453,0.058157,0.427706,35097314.880000,0.026183,603488684.550000,1100766874.00,944458190.00
sz.002298,2017-08-24,2017-06-30,0.019383,0.119091,0.324916,91934078.330000,0.233391,771962750.230000,703960660.00,392969466.00
sz.002298,2018-08-22,2018-06-30,0.019455,0.090648,0.292109,90262566.400000,0.248565,995744293.970000,703960660.00,468093272.00
sz.002298,2019-08-28,2019-06-30,0.026899,0.083838,0.293605,103743446.230000,0.296006,1237429229.150000,691505915.00,527793918.00
sz.002298,2020-07-22,2020-06-30,0.036211,0.115919,0.370186,140428529.920000,0.473801,1211439417.120000,691505915.00,549717168.00
sz.002316,2017-08-24,2017-06-30,-0.048325,-0.186184,0.102688,-40206926.770000,-0.081816,215952781.090000,393120000.00,314932725.00
sz.002316,2018-08-04,2018-06-30,0.042596,0.085701,0.345939,141576221.190000,0.133190,1651971101.860000,393120000.00,293413643.00
sz.002316,2019-08-24,2019-06-30,0.041910,0.065895,0.263384,138252958.020000,0.257706,2096807608.290000,393120000.00,293413643.00
sz.002316,2020-08-29,2020-06-30,-0.044017,-0.017381,0.134278,-28899773.950000,-0.551788,1661795950.740000,393120000.00,293413643.00
sz.002380,2017-07-28,2017-06-30,0.024915,0.209524,0.419795,49740493.370000,0.392201,237398045.230000,239991649.00,142120803.00
sz.002380,2018-07-28,2018-06-30,0.026445,0.217610,0.437338,55224531.040000,0.476747,252838438.630000,239991649.00,143353629.00
sz.002380,2019-07-27,2019-06-30,0.031068,0.215614,0.448497,66448732.670000,0.513196,307835454.620000,239991649.00,143353629.00
sz.002380,2020-08-05,2020-06-30,0.030953,0.188798,0.422470,70546059.970000,0.543298,,239991649.00,143353629.00
sz.002405,2017-08-28,2017-06-30,0.025928,0.110617,0.762365,92234906.240000,0.155580,832121685.680000,1282615013.00,1017938927.00
sz.002405,2018-08-22,2018-06-30,0.024387,0.130033,0.758237,128777128.830000,0.239473,987617559.260000,1282424513.00,1034474838.00
sz.002405,2019-08-26,2019-06-30,0.011815,0.056506,0.740349,61235718.390000,0.204553,1071259634.440000,1962465690.00,1562283145.00
sz.002405,2020-08-28,2020-06-30,-0.020968,-0.191531,0.577371,-184153155.990000,0.046099,950299290.180000,1961563170.00,1910079121.00
sz.002425,2017-08-29,2017-06-30,0.028466,0.339539,0.684921,95961641.950000,0.253245,273161082.600000,813744432.00,751599587.00
sz.002425,2018-07-31,2018-06-30,0.031598,0.393806,0.593545,117381051.140000,0.335771,288511917.030000,813744432.00,804381635.00
sz.002425,2019-08-28,2019-06-30,0.045264,0.417359,0.735567,180473175.020000,0.419496,425020071.200000,813744432.00,813594432.00
sz.002425,2020-08-27,2020-06-30,0.028430,0.384922,0.738609,117525347.870000,0.180488,299818456.590000,813744432.00,812990264.00
sz.002439,2017-08-03,2017-06-30,-0.000064,-0.005702,0.679879,-3932478.470000,0.289195,679983353.100000,896692587.00,575390486.00
sz.002439,2018-08-03,2018-06-30,0.007493,0.021452,0.630735,15883137.310000,0.530113,728824865.540000,896692587.00,585455619.00
sz.002439,2019-08-06,2019-06-30,0.003760,0.009059,0.634749,7990699.920000,0.623859,871792586.770000,896692587.00,634265590.00
sz.002439,2020-08-04,2020-06-30,-0.004481,-0.031658,0.712924,-23888789.820000,0.699606,,933583742.00,714007126.00
sz.002447,2017-08-31,2017-06-30,0.013736,0.367416,0.720793,54258185.730000,0.335256,147674914.300000,952452000.00,640378950.00
sz.002447,2018-08-31,2018-06-30,0.041851,0.417460,0.760990,88017692.120000,0.226544,195109740.330000,1427193000.00,1327447800.00
sz.002447,2019-08-29,2019-06-30,0.000315,0.009834,0.550393,497085.540000,-0.507318,34706797.360000,1427193000.00,1350699863.00
sz.002447,2020-08-15,2020-06-30,0.003599,0.160584,0.359491,2022876.680000,-0.699157,468043.810000,1427193000.00,1350699863.00
sz.002464,2017-08-23,2017-06-30,0.067840,0.512758,0.832854,82440501.670000,0.946787,155632936.750000,232943924.00,232943924.00
sz.002464,2018-08-23,2018-06-30,0.075035,0.275643,0.646717,106873052.360000,0.664358,387723000.640000,326121493.00,283190741.00
sz.002464,2019-08-16,2019-06-30,0.051438,0.254914,0.589115,77653707.320000,0.136464,288736610.870000,521794388.00,521749964.00
sz.002464,2020-08-15,2020-06-30,-0.194099,-0.183716,0.752076,-22756880.040000,-2.776593,123839323.190000,521794388.00,521794388.00
sz.002474,2017-08-24,2017-06-30,0.014753,0.064209,0.364494,19160715.300000,0.047331,298411143.690000,622200000.00,465277406.00
sz.002474,2018-08-31,2018-06-30,0.017585,0.068589,0.304432,23731313.840000,0.059766,345994890.240000,622200000.00,468768270.00
sz.002474,2019-08-26,2019-06-30,0.013356,0.070480,0.365779,22485221.500000,0.046927,319029897.840000,622200000.00,469278270.00
sz.002474,2020-08-26,2020-06-30,0.007296,0.039398,0.414536,9971950.740000,0.066748,253109972.190000,622200000.00,478135770.00
sz.002517,2017-08-28,2017-06-30,0.116518,0.317130,0.644838,412038544.470000,1.185183,1299274369.130000,717505878.00,236794370.00
sz.002517,2018-08-27,2018-06-30,0.075315,0.389297,0.747931,430389938.710000,0.728139,1105557526.690000,2152517634.00,874467306.00
sz.002517,2019-08-27,2019-06-30,0.009568,0.071726,0.682176,75421957.320000,-0.069739,1051535963.440000,2152517634.00,1483498212.00
sz.002517,2020-08-28,2020-06-30,0.017818,0.080614,0.659606,65442570.700000,-0.878342,811797902.320000,2152517634.00,1423644878.00
sz.002530,2017-08-17,2017-06-30,0.021132,0.234415,0.489511,81287670.350000,0.240695,346768027.260000,490741853.00,171098100.00
sz.002530,2018-08-21,2018-06-30,0.021484,0.200170,0.451013,93351484.890000,0.301246,466360904.460000,785186964.00,338558195.00
sz.002530,2019-08-20,2019-06-30,0.019610,0.162433,0.409663,90891610.370000,0.371266,559563698.520000,785186964.00,373696307.00
sz.002530,2020-08-25,2020-06-30,0.008767,0.064424,0.316559,36836382.380000,-0.939616,571780377.500000,779198175.00,636881461.00
sz.002544,2017-08-26,2017-06-30,0.015516,0.014405,0.174868,19457186.160000,0.214617,1350682009.820000,515760000.00,511539980.00
sz.002544,2018-08-24,2018-06-30,0.018106,0.018326,0.175732,40718950.330000,0.321785,2221940636.900000,571388692.00,511539980.00
sz.002544,2019-08-20,2019-06-30,0.019598,0.018756,0.183154,44754240.700000,0.027450,2386082593.160000,571157220.00,512662189.00
sz.002544,2020-08-27,2020-06-30,0.016229,0.015986,0.181374,36062140.290000,0.051925,2255908528.940000,576815720.00,512662189.00
sz.002558,2017-08-25,2017-06-30,0.090096,0.522884,0.818670,733561582.120000,0.625660,1399036246.260000,2024379932.00,347934260.00
sz.002558,2018-08-30,2018-06-30,0.081507,0.372900,0.716997,745608801.080000,0.643844,1995679687.030000,2024379932.00,427109360.00
sz.002558,2019-08-31,2019-06-30,0.056513,0.402922,0.833599,526122018.920000,0.430905,1300020453.400000,2024379932.00,2024379932.00
sz.002558,2020-08-28,2020-06-30,0.065859,0.436382,0.863314,533615188.900000,0.416044,1222817260.300000,2024379932.00,2024379932.00
sz.002602,2017-08-24,2017-06-30,0.131697,0.378492,0.313271,618052418.080000,0.824553,1632933466.800000,1027092040.00,587724980.00
sz.002602,2018-08-30,2018-06-30,0.074292,0.182690,0.404757,711589793.830000,0.599675,3895063047.660000,1459222653.00,798163355.00
sz.002602,2019-08-27,2019-06-30,0.063427,0.174816,0.494353,1212258172.640000,0.161390,6934492129.980000,3703871881.00,2592394079.00
sz.002602,2020-08-29,2020-06-30,0.059475,0.208517,0.543270,1619767207.700000,0.435175,7768041470.170000,6226703160.00,2592394078.00
sz.002605,2017-08-29,2017-06-30,0.023348,0.132021,0.290930,37622241.330000,0.213457,271993008.020000,397169187.00,268637728.00
sz.002605,2018-08-31,2018-06-30,0.027733,0.207649,0.408004,64476352.270000,0.215372,296878069.680000,397169187.00,267362225.00
sz.002605,2019-08-20,2019-06-30,0.089377,0.264653,0.636552,207078556.170000,0.568500,766102328.550000,398209187.00,257810498.00
sz.002605,2020-08-26,2020-06-30,0.459736,0.811701,0.661676,826904012.450000,2.490596,996918149.320000,399970187.00,270997982.00
sz.002771,2017-08-04,2017-06-30,0.049712,0.079417,0.259521,29663726.120000,0.411433,373519922.510000,161600200.00,71305990.00
sz.002771,2018-07-31,2018-06-30,0.031034,0.059763,0.253750,20075107.390000,0.369386,335909307.150000,161600200.00,77837950.00
sz.002771,2019-07-26,2019-06-30,0.015278,0.034125,0.258408,10253437.730000,0.153714,300464403.880000,209893580.00,128456869.00
sz.002771,2020-08-26,2020-06-30,0.009505,0.021318,0.251414,5134964.350000,0.145886,240876398.770000,209764100.00,148872662.00
sz.300002,2017-08-29,2017-06-30,0.003033,0.005936,0.441017,7089132.480000,0.141779,1179074016.550000,1961091984.00,1383381499.00
sz.300002,2018-08-30,2018-06-30,-0.026748,-0.219175,0.737813,-143144056.070000,-0.016174,637145314.700000,1961091984.00,1406558187.00
sz.300002,2019-08-28,2019-06-30,-0.042516,-0.338430,0.719761,-220870859.450000,-0.000657,652634066.300000,1961091984.00,1415030218.00
sz.300002,2020-08-28,2020-06-30,0.023778,0.057535,0.641656,74550667.280000,-0.596340,1295748662.010000,1961091984.00,1628923179.00
sz.300010,2017-08-29,2017-06-30,0.006535,0.051021,0.427994,34733552.410000,0.326648,679638975.150000,872610697.00,458756558.00
sz.300010,2018-08-30,2018-06-30,-0.010400,-0.086925,0.431903,-47801862.570000,0.127242,540566556.330000,873060697.00,642504711.00
sz.300010,2019-08-29,2019-06-30,0.011801,0.030791,0.364100,27795938.680000,-1.493624,889269131.360000,868324647.00,727250928.00
sz.300010,2020-08-25,2020-06-30,-0.028681,-0.135883,0.289422,-96900487.010000,-0.118945,704843860.620000,868324647.00,727451502.00
sz.300025,2017-08-26,2017-06-30,0.028787,0.062216,0.289017,39074316.950000,0.170234,622738637.060000,428530562.00,339354438.00
sz.300025,2018-08-30,2018-06-30,-0.042975,-0.074267,0.138397,-47228740.280000,-0.444572,635931629.370000,428530562.00,389349763.00
sz.300025,2019-08-10,2019-06-30,0.004532,0.005585,0.183869,2975942.140000,0.106374,532863081.230000,428530562.00,399093794.00
sz.300025,2020-08-28,2020-06-30,-0.083164,-0.114953,0.108442,-38561375.320000,-0.595523,335454011.340000,428530562.00,399144532.00
sz.300038,2017-08-19,2017-06-30,0.042763,0.192107,0.309758,183223811.910000,0.768783,950143715.520000,317319212.00,145696696.00
sz.300038,2018-08-25,2018-06-30,0.035946,0.181474,0.323514,362715610.390000,0.574464,1992132125.230000,1171827123.00,409995970.00
sz.300038,2019-08-24,2019-06-30,0.040318,0.185964,0.300605,432307076.050000,0.600763,2324676664.630000,1171827123.00,805721756.00
sz.300038,2020-08-27,2020-06-30,0.012960,0.059189,0.166443,140484580.850000,0.245554,2373480780.540000,1171827123.00,1160984263.00
sz.300043,2017-08-25,2017-06-30,0.068389,0.133353,0.333967,174031708.710000,0.284143,1225660975.190000,1244198401.00,823869704.00
sz.300043,2018-08-07,2018-06-30,0.054254,0.087445,0.471997,143307216.320000,0.165930,1610602376.620000,1244198401.00,902705478.00
sz.300043,2019-08-30,2019-06-30,0.044758,0.112863,0.465916,126694844.400000,0.179458,1069771413.780000,1244198401.00,914862420.00
sz.300043,2020-08-27,2020-06-30,-0.015087,-0.052469,0.322693,-44450890.600000,0.071187,795353372.550000,1244198401.00,914739412.00
sz.300044,2017-08-29,2017-06-30,0.040265,0.085339,0.224069,49717192.770000,0.313252,580829210.850000,400397211.00,244517912.00
sz.300044,2018-08-30,2018-06-30,0.036274,0.144379,0.327080,84521067.120000,0.276135,585410311.730000,778524769.00,467845774.00
sz.300044,2019-08-30,2019-06-30,0.036673,0.134221,0.273152,94092000.330000,0.101787,701021269.180000,777504043.00,529521245.00
sz.300044,2020-08-28,2020-06-30,0.050189,0.133817,0.363374,90732281.360000,-0.600193,678031232.660000,784419228.00,546291633.00
sz.300050,2017-07-28,2017-06-30,0.033546,0.203397,0.431242,68007729.130000,0.278912,333104419.170000,498914466.00,330763511.00
sz.300050,2018-08-28,2018-06-30,0.010560,0.063105,0.413808,29043005.140000,0.122943,459542821.170000,560861718.00,365281272.00
sz.300050,2019-08-28,2019-06-30,0.007079,0.035831,0.321867,19389154.330000,0.086916,537169900.990000,544846718.00,382279097.00
sz.300050,2020-08-27,2020-06-30,0.006092,0.030459,0.250017,13948250.970000,-0.854014,456981914.970000,571596718.00,381766822.00
sz.300052,2017-08-11,2017-06-30,0.015073,0.059112,0.533875,9843922.750000,-0.174325,162637808.080000,261038600.00,260204657.00
sz.300052,2018-08-13,2018-06-30,0.036072,0.196660,0.561015,28362138.000000,0.251935,144219445.610000,261038600.00,260041157.00
sz.300052,2019-08-28,2019-06-30,0.034253,0.144050,0.591689,26082902.460000,0.134310,173195859.700000,264708600.00,260041157.00
sz.300052,2020-08-14,2020-06-30,0.010589,0.013245,0.104250,7892238.370000,0.128707,594783359.620000,263269300.00,260194568.00
sz.300074,2017-08-18,2017-06-30,0.006081,0.032944,0.489235,6443674.010000,0.131787,192921788.090000,543213000.00,451100554.00
sz.300074,2018-08-29,2018-06-30,-0.016892,-0.154566,0.425769,-21777068.540000,0.013526,138443083.440000,542771100.00,471951211.00
sz.300074,2019-08-22,2019-06-30,0.006659,0.045698,0.435732,7846407.700000,0.079242,168847219.510000,542340100.00,485624461.00
sz.300074,2020-08-13,2020-06-30,-0.009947,-0.067175,0.432500,-12123819.420000,-0.002771,176871959.210000,536198900.00,493392231.00
sz.300085,2017-08-29,2017-06-30,0.010430,0.034444,0.355280,16397923.430000,0.110572,474002420.600000,684013769.00,351445813.00
sz.300085,2018-08-21,2018-06-30,0.000971,0.005014,0.346622,3195346.620000,0.018993,635125872.410000,706640535.00,390984841.00
sz.300085,2019-08-21,2019-06-30,-0.016871,-0.046851,0.298685,-25289896.610000,0.016764,539796493.990000,706640535.00,415061607.00
sz.300085,2020-08-26,2020-06-30,-0.010238,-0.021369,0.265488,-12585153.860000,0.019438,588941559.800000,706640535.00,380073907.00
sz.300096,2017-08-22,2017-06-30,-0.059494,-0.209762,0.450519,-41218772.040000,-0.073785,196502502.160000,430000000.00,385741941.00
sz.300096,2018-08-23,2018-06-30,-0.028744,-0.075513,0.464835,-19429641.170000,0.089772,257303345.980000,430000000.00,376522079.00
sz.300096,2019-08-26,2019-06-30,-0.021557,-0.049953,0.524990,-13361596.870000,0.045210,267195265.170000,430000000.00,376522079.00
sz.300096,2020-08-26,2020-06-30,-0.066513,-0.167983,0.416274,-53459503.820000,-0.046423,314197551.330000,430000000.00,376518329.00
sz.300113,2017-08-26,2017-06-30,0.086321,0.372478,0.770558,255620057.900000,0.715853,686269259.790000,693370958.00,462107088.00
sz.300113,2018-08-30,2018-06-30,0.096446,0.331019,0.630079,332460078.180000,0.832789,1004352487.360000,694287240.00,468911658.00
sz.300113,2019-08-30,2019-06-30,0.077162,0.357772,0.692741,260299925.880000,0.353590,727557642.480000,694287240.00,477749284.00
sz.300113,2020-08-28,2020-06-30,0.020621,0.160052,0.687508,69884633.890000,-0.113870,430442973.990000,694287240.00,483758789.00
sz.300167,2017-08-18,2017-06-30,0.001559,-0.017589,0.298812,-3644137.450000,0.147946,198327566.530000,300240000.00,300190000.00
sz.300167,2018-08-21,2018-06-30,-0.019359,-0.104667,0.210298,-14288881.500000,-0.068451,125806665.060000,300240000.00,300240000.00
sz.300167,2019-08-30,2019-06-30,0.002444,0.015497,0.292785,3505017.810000,-0.489539,211556698.570000,300240000.00,300240000.00
sz.300167,2020-08-28,2020-06-30,-0.047463,-0.205196,0.267140,-23700965.730000,-0.027549,107661356.890000,300240000.00,300240000.00
sz.300168,2017-08-30,2017-06-30,0.016767,0.037088,0.376812,32320169.070000,0.237153,871448930.510000,1031082642.00,1008582950.00
sz.300168,2018-08-16,2018-06-30,0.026183,0.071240,0.381223,71947258.350000,0.342266,1009921760.420000,1067640574.00,1059440474.00
sz.300168,2019-08-27,2019-06-30,0.009964,0.029198,0.379141,33383288.350000,0.174904,1143323570.430000,1099449688.00,1092130857.00
sz.300168,2020-08-27,2020-06-30,-0.074240,-0.264446,0.283030,-210174129.890000,-1.387702,794772351.190000,1187584762.00,1180500935.00
sz.300231,2017-07-29,2017-06-30,0.100058,0.153765,0.350315,62411821.500000,0.353165,405892078.840000,342509550.00,266738588.00
sz.300231,2018-08-15,2018-06-30,0.064171,0.113231,0.279411,66432313.150000,0.287322,586698968.040000,442100220.00,338016491.00
sz.300231,2019-08-29,2019-06-30,0.054529,0.110752,0.261884,71648221.170000,0.266298,646927683.540000,442100220.00,358682201.00
sz.300231,2020-08-04,2020-06-30,0.069792,0.096304,0.224467,87461660.680000,0.341536,,442100220.00,359838701.00
sz.300242,2017-08-29,2017-06-30,0.048466,0.081175,0.119287,105435072.890000,0.273660,1298863061.600000,637174024.00,364470696.00
sz.300242,2018-08-17,2018-06-30,0.021165,0.024339,0.070867,54532450.440000,0.214834,2237351476.500000,636332984.00,507776356.00
sz.300242,2019-08-20,2019-06-30,0.017551,0.010859,0.069207,24897753.640000,-2.020596,2292825982.060000,634555224.00,580186302.00
sz.300242,2020-08-28,2020-06-30,0.003837,0.002606,0.044812,8546523.100000,-0.009043,3279137837.660000,634555224.00,594451698.00
sz.300277,2017-08-25,2017-06-30,-0.013490,-0.169822,0.121102,-12095248.360000,0.099147,71222965.350000,335000000.00,334390625.00
sz.300277,2018-08-17,2018-06-30,-0.003559,-0.086440,0.257429,-4933780.310000,0.032189,57077504.450000,335000000.00,334390625.00
sz.300277,2019-08-28,2019-06-30,0.013977,0.059162,0.245310,7022816.200000,0.048647,118225399.280000,335000000.00,334390625.00
sz.300277,2020-08-18,2020-06-30,0.019108,0.157603,0.253514,10638903.120000,0.039383,67008262.140000,335000000.00,334390625.00
sz.300297,2017-08-08,2017-06-30,0.038763,0.155905,0.549703,146527750.560000,0.327836,939628604.500000,1175455904.00,657077043.00
sz.300297,2018-08-30,2018-06-30,0.037901,0.188415,0.637403,161785606.540000,0.362686,858224289.800000,1175365904.00,755513281.00
sz.300297,2019-08-30,2019-06-30,0.031028,0.161728,0.546258,157928474.100000,0.311846,976169593.120000,1250158007.00,859640489.00
sz.300297,2020-08-28,2020-06-30,-0.017701,-0.139939,0.363287,-69803654.630000,-0.919550,498815113.240000,1249806223.00,997284985.00
sz.300300,2017-08-17,2017-06-30,0.020845,0.217479,0.315337,46707131.490000,0.128552,214766063.130000,459393716.00,272845121.00
sz.300300,2018-08-30,2018-06-30,0.052480,0.474297,0.230378,112811222.940000,0.334599,237849566.510000,459393716.00,375662400.00
sz.300300,2019-08-30,2019-06-30,0.058197,0.487572,0.170234,133803290.370000,0.221437,274427727.190000,683136428.00,671349962.00
sz.300300,2020-08-28,2020-06-30,-0.161222,-2.439526,-0.093034,-229439839.260000,-1.729624,94051008.260000,671396910.00,671228655.00
sz.300302,2017-08-28,2017-06-30,0.016621,0.093226,0.355453,11907934.910000,0.229395,127731728.970000,421270038.00,246195542.00
sz.300302,2018-08-30,2018-06-30,0.023253,0.080428,0.311460,18060271.620000,0.135323,224552161.790000,421057980.00,244687944.00
sz.300302,2019-08-30,2019-06-30,0.005813,0.041642,0.428548,5756450.880000,0.017352,138237117.030000,456176704.00,246632731.00
sz.300302,2020-08-28,2020-06-30,0.005525,0.075808,0.497420,7071103.670000,0.026125,93276578.690000,479871230.00,256714403.00
sz.300311,2017-08-29,2017-06-30,0.036320,0.107233,0.438792,49309833.620000,0.239102,457427433.760000,448009392.00,220529937.00
sz.300311,2018-08-21,2018-06-30,0.059549,0.136441,0.443203,74858608.220000,0.261817,546319042.400000,680036042.00,354192967.00
sz.300311,2019-08-27,2019-06-30,0.050233,0.158681,0.679548,72142372.310000,0.200861,451855745.130000,679988821.00,463999990.00
sz.300311,2020-08-28,2020-06-30,-0.071499,-0.238017,0.470843,-61577442.900000,-0.344850,257137826.140000,679988821.00,510408932.00
sz.300315,2017-08-26,2017-06-30,0.031418,0.339378,0.613056,280653238.110000,0.128914,826962418.230000,2770874854.00,1936413183.00
sz.300315,2018-08-28,2018-06-30,0.043748,0.368897,0.622416,422179259.390000,0.136740,1142667109.910000,2757992863.00,2575936041.00
sz.300315,2019-08-29,2019-06-30,0.039928,0.300574,0.588081,209272500.280000,-1.203722,693766947.600000,2757484192.00,2600371261.00
sz.300315,2020-08-27,2020-06-30,0.077379,0.476611,0.754225,441487028.310000,0.216134,922433032.060000,2757484192.00,2632230846.00
sz.300339,2017-08-23,2017-06-30,0.018545,0.093144,0.380867,64836020.480000,0.445681,696080360.850000,715466700.00,435332150.00
sz.300339,2018-08-21,2018-06-30,0.023641,0.097607,0.320311,97446518.710000,0.354012,979312615.990000,796410841.00,515596449.00
sz.300339,2019-08-23,2019-06-30,0.023343,0.096340,0.335685,102746537.840000,0.408896,1066494091.420000,796410841.00,743084742.00
sz.300339,2020-08-12,2020-06-30,0.024649,0.062279,0.293968,67626188.130000,-2.302061,1064205658.440000,796410841.00,755261242.00
sz.300350,2017-08-26,2017-06-30,0.031269,0.164109,0.339505,71645360.250000,0.292107,436572883.280000,533640362.00,219085274.00
sz.300350,2018-08-30,2018-06-30,0.025363,0.138978,0.317996,64319325.210000,0.092124,462802293.330000,530619285.00,251387140.00
sz.300350,2019-08-30,2019-06-30,0.025193,0.114464,0.323548,40918737.420000,-1.311602,357480220.560000,476724433.00,310018560.00
sz.300350,2020-08-28,2020-06-30,-0.041004,-0.076359,0.320667,-18277630.310000,-1.196204,239363554.910000,476724433.00,326035431.00
sz.300352,2017-08-29,2017-06-30,0.008290,0.102010,0.761467,17211424.500000,0.055847,167341429.620000,1449824087.00,1043822384.00
sz.300352,2018-08-30,2018-06-30,0.010969,0.122387,0.820359,24003516.720000,0.067601,196127393.660000,1449824087.00,1079263630.00
sz.300352,2019-08-28,2019-06-30,0.011808,0.089995,0.731498,26710724.160000,0.066828,274040848.020000,1449824087.00,1097464400.00
sz.300352,2020-08-28,2020-06-30,0.013630,0.108956,0.724993,28889055.230000,0.018016,246916845.690000,1449824087.00,1180324275.00
sz.300380,2017-08-22,2017-06-30,-0.017809,-0.059055,0.355279,-11885551.850000,-0.246817,167732282.010000,137440000.00,67376052.00
sz.300380,2018-08-22,2018-06-30,0.014578,0.009078,0.375856,1967112.700000,0.185373,216681999.670000,137440000.00,70561214.00
sz.300380,2019-08-13,2019-06-30,0.018021,0.012498,0.392045,2993082.780000,0.225608,239484759.380000,137440000.00,121201177.00
sz.300380,2020-08-27,2020-06-30,0.012677,0.006344,0.433720,1247691.250000,0.210003,196665720.940000,137440000.00,121577933.00
sz.300386,2017-08-26,2017-06-30,0.016436,0.057367,0.401091,23289094.370000,0.278531,404829995.060000,418044000.00,198064991.00
sz.300386,2018-08-30,2018-06-30,0.022023,0.085591,0.398858,36622590.400000,0.325572,427878974.020000,418044000.00,214690900.00
sz.300386,2019-08-06,2019-06-30,0.006447,0.031351,0.359908,12127760.500000,0.258196,386835204.350000,418044000.00,219250600.00
sz.300386,2020-07-28,2020-06-30,0.013921,0.075917,0.422978,26736121.560000,0.250066,352177301.540000,418044000.00,226124350.00
sz.300392,2017-08-26,2017-06-30,0.009619,0.007878,0.098909,6018455.680000,-0.743729,763942749.250000,384000000.00,164107273.00
sz.300392,2018-08-30,2018-06-30,-0.108160,-0.074457,0.015827,-48543777.370000,-0.499840,651968929.010000,384000000.00,258583845.00
sz.300392,2019-08-30,2019-06-30,0.012009,0.009025,0.119803,5796957.870000,0.194966,642331003.470000,384000000.00,259003594.00
sz.300392,2020-08-29,2020-06-30,-0.017774,-0.021509,0.056914,-12852721.670000,0.038032,595732232.490000,384000000.00,259735740.00
sz.300418,2017-07-25,2017-06-30,0.108171,0.316988,0.779956,550720418.440000,0.579599,1737354330.230000,1159124083.00,444510980.00
sz.300418,2018-08-24,2018-06-30,0.073708,0.468396,0.843197,828350793.540000,1.022135,1731570575.840000,1151946216.00,616745261.00
sz.300418,2019-08-20,2019-06-30,0.128460,0.386472,0.789519,681597709.220000,0.895195,1756413295.290000,1151946216.00,625304793.00
sz.300418,2020-08-25,2020-06-30,0.550702,2.131983,0.817271,3673536549.270000,3.736897,1697720872.690000,1172584410.00,1002865465.00
sz.300419,2017-07-28,2017-06-30,0.020973,0.144910,0.299746,30711393.650000,0.173462,211203757.210000,367753770.00,204949638.00
sz.300419,2018-08-29,2018-06-30,0.010382,0.067862,0.222454,15575307.170000,0.119383,228904354.880000,367753770.00,237259415.00
sz.300419,2019-08-10,2019-06-30,0.010643,0.045151,0.244935,8988786.130000,-1.755156,198133561.110000,367753770.00,243475440.00
sz.300419,2020-08-26,2020-06-30,0.013528,0.049675,0.255924,10969468.990000,-0.075101,213369702.910000,367753770.00,367753770.00
sz.300469,2017-08-29,2017-06-30,-0.023626,-0.055677,0.389161,-11777425.800000,0.456450,211531472.910000,68300000.00,28604510.00
sz.300469,2018-08-28,2018-06-30,-0.004264,-0.015926,0.385078,-3758690.570000,0.619188,236012091.150000,67774400.00,53950030.00
sz.300469,2019-08-29,2019-06-30,-0.002761,-0.015254,0.369029,-4406431.800000,0.374512,288863274.130000,120991680.00,97818639.00
sz.300469,2020-08-28,2020-06-30,-0.032775,-0.050487,0.322632,-11697932.460000,-0.776008,231700643.910000,205135376.00,173616261.00
sz.300508,2017-08-04,2017-06-30,0.086540,0.397717,0.697248,39301956.360000,1.001685,98818789.960000,56820000.00,14790314.00
sz.300508,2018-07-31,2018-06-30,-0.001400,-0.005823,0.631933,-705436.760000,0.447556,120514832.440000,90912000.00,23753423.00
sz.300508,2019-08-14,2019-06-30,0.064705,0.315639,0.629874,31437147.440000,0.051921,98945371.750000,90912000.00,41326184.00
sz.300508,2020-08-21,2020-06-30,-0.009352,-0.058662,0.632714,-4962675.520000,0.324137,83886827.400000,90912000.00,41937734.00
sz.300513,2017-08-23,2017-06-30,0.017894,0.069758,0.274540,10485062.760000,0.527117,149303768.150000,76160000.00,37148900.00
sz.300513,2018-08-25,2018-06-30,0.031662,0.146823,0.340728,45503649.520000,0.418302,309922381.540000,169754778.00,61593620.00
sz.300513,2019-08-29,2019-06-30,0.019192,0.099571,0.307329,43014037.530000,0.662116,431995539.880000,174272864.00,127320110.00
sz.300513,2020-08-28,2020-06-30,0.010130,0.077572,0.318647,25827915.090000,0.447177,332955227.420000,313691155.00,241429992.00
sz.300518,2017-08-29,2017-06-30,0.041963,0.455294,0.721260,44609066.530000,1.016949,97978675.820000,93340000.00,46787205.00
sz.300518,2018-08-30,2018-06-30,0.001628,0.009693,0.237950,1777589.370000,0.218508,183398015.630000,93340000.00,46787205.00
sz.300518,2019-08-30,2019-06-30,0.013089,0.217846,0.417114,22598421.680000,0.244445,103735685.470000,93340000.00,61968106.00
sz.300518,2020-08-28,2020-06-30,0.079367,0.567627,0.398406,59531576.270000,-1.935839,104878037.860000,93340000.00,61968106.00
sz.300520,2017-08-22,2017-06-30,0.008788,0.019516,0.391715,5269342.290000,0.538611,269995804.990000,96075000.00,23000000.00
sz.300520,2018-08-28,2018-06-30,0.012135,0.024856,0.392570,7564594.220000,0.101640,304334404.150000,202400000.00,112651992.00
sz.300520,2019-08-16,2019-06-30,0.022813,0.047664,0.273647,33068574.870000,0.300168,693786203.430000,239233684.00,112651992.00
sz.300520,2020-08-25,2020-06-30,0.026245,0.063771,0.239521,43486849.290000,0.513832,681923589.850000,249515065.00,197394548.00
sz.300541,2017-08-03,2017-06-30,0.025465,0.049495,0.205040,18152532.580000,0.436610,366752887.420000,120000000.00,30000000.00
sz.300541,2018-08-17,2018-06-30,0.024545,0.033183,0.142846,18143482.610000,0.236914,546766984.420000,181166996.00,75664699.00
sz.300541,2019-08-21,2019-06-30,0.029549,0.028858,0.112397,23349999.940000,0.311285,809147234.260000,181166996.00,76167056.00
sz.300541,2020-08-25,2020-06-30,0.071823,0.068733,0.106516,63189605.280000,0.470249,849324820.880000,235425738.00,186102504.00
sz.300550,2017-08-29,2017-06-30,0.025939,0.100753,0.527330,10870418.550000,0.584148,106040668.770000,80000000.00,20000000.00
sz.300550,2018-08-30,2018-06-30,0.027682,0.087671,0.441270,12709021.040000,0.415471,144961841.180000,83220000.00,29270000.00
sz.300550,2019-08-30,2019-06-30,0.037427,0.103877,0.473551,19330513.660000,0.404899,186089976.880000,117306000.00,42038500.00
sz.300550,2020-08-28,2020-06-30,0.010671,0.036031,0.400927,5942131.950000,0.162881,164917006.810000,164066700.00,159001675.00
sz.300560,2017-08-29,2017-06-30,0.054988,0.131948,0.296801,25350376.560000,0.585614,192124404.210000,70120000.00,17530000.00
sz.300560,2018-08-17,2018-06-30,0.057350,0.122480,0.275436,28183079.310000,0.266052,225917474.630000,157770000.00,61975125.00
sz.300560,2019-08-27,2019-06-30,0.039832,0.064931,0.289073,18062462.820000,0.273088,277970592.240000,189324000.00,80365500.00
sz.300560,2020-08-28,2020-06-30,0.055361,0.084691,0.270075,33023367.350000,0.361629,389717150.080000,189324000.00,189324000.00
sz.300578,2017-08-29,2017-06-30,0.065576,0.099839,0.507466,13086398.080000,0.394380,131074451.370000,72000000.00,18000000.00
sz.300578,2018-08-30,2018-06-30,0.055467,0.143580,0.535443,16225738.380000,0.282385,113008196.600000,132409800.00,53006400.00
sz.300578,2019-08-30,2019-06-30,0.077487,0.208388,0.511924,49934688.760000,0.303730,239623135.500000,166374155.00,60562980.00
sz.300578,2020-08-28,2020-06-30,0.040472,0.160632,0.523870,44984352.150000,0.490303,275642607.930000,174196955.00,117518827.00
sz.300588,2017-08-22,2017-06-30,0.048401,0.046393,0.219080,15141523.610000,0.520242,326376551.470000,100000000.00,25000000.00
sz.300588,2018-08-03,2018-06-30,-0.067662,-0.170818,0.285211,-25040227.910000,0.257625,146590370.250000,160000000.00,74780000.00
sz.300588,2019-08-10,2019-06-30,-0.036161,-0.160821,0.360119,-17050445.800000,0.201217,106021071.260000,163251500.00,78660000.00
sz.300588,2020-08-27,2020-06-30,-0.095113,-0.549548,0.253190,-37970488.280000,-0.090016,69094019.910000,165604000.00,104941725.00
sz.300605,2017-08-28,2017-06-30,0.042815,0.097201,0.277637,13834479.420000,0.469859,142328613.780000,84000000.00,21000000.00
sz.300605,2018-08-29,2018-06-30,0.032616,0.092284,0.317700,14405248.230000,0.518467,156096677.650000,84790000.00,37321846.00
sz.300605,2019-08-16,2019-06-30,0.034494,0.096718,0.319172,17332617.330000,0.509793,179207126.330000,110209394.00,48989875.00
sz.300605,2020-08-27,2020-06-30,0.034272,0.114033,0.296624,18611197.970000,0.379095,163208613.470000,165300469.00,103259572.00
sz.300663,2017-08-29,2017-06-30,-0.058872,-0.152189,0.374103,-30622838.840000,0.346206,201215565.250000,131426719.00,32860000.00
sz.300663,2018-08-30,2018-06-30,-0.050049,-0.155150,0.378135,-33079903.660000,0.186325,213212258.350000,201922916.00,123134892.00
sz.300663,2019-08-30,2019-06-30,-0.051507,-0.137478,0.372591,-38582362.960000,0.130922,280643063.230000,302195935.00,184702338.00
sz.300663,2020-08-28,2020-06-30,-0.024021,-0.053846,0.352012,-19833699.120000,0.225915,368339116.730000,300425156.00,227007074.00
sz.300687,2017-08-29,2017-06-30,0.133543,0.116425,0.299395,37588923.970000,,322859128.200000,,
sz.300687,2018-08-30,2018-06-30,0.033026,0.071736,0.287075,25923130.040000,0.616842,361367760.320000,144000000.00,35620531.00
sz.300687,2019-08-30,2019-06-30,0.013985,0.030400,0.245196,14641713.200000,0.460364,481637132.210000,217681500.00,93948593.00
sz.300687,2020-08-28,2020-06-30,0.055225,0.084518,0.285510,45364321.330000,0.461718,536741662.400000,217611750.00,94436318.00
