code,pubDate,statDate,NRTurnRatio,NRTurnDays,INVTurnRatio,INVTurnDays,CATurnRatio,AssetTurnRatio
sz.000503,2017-04-29,2017-03-31,3.860993,23.310066,199.898461,0.450229,0.036626,0.026815
sz.000503,2017-08-26,2017-06-30,6.931478,25.968488,415.208115,0.433518,0.079365,0.056994
sz.000503,2017-10-28,2017-09-30,14.840318,18.193681,626.141754,0.431212,0.105889,0.076874
sz.000503,2018-04-21,2018-03-31,3.352180,26.848202,287.595372,0.312940,0.013367,0.008654
sz.000503,2018-08-25,2018-06-30,5.683758,31.669185,611.017896,0.294590,0.024874,0.016008
sz.000503,2018-10-31,2018-09-30,13.087331,20.630639,861.248034,0.313499,0.052350,0.033612
sz.000503,2019-04-27,2019-03-31,1.945948,46.249947,656.285351,0.137135,0.022260,0.013634
sz.000503,2019-08-24,2019-06-30,3.040610,59.198647,1126.639101,0.159767,0.043620,0.025991
sz.000503,2019-10-30,2019-09-30,4.442929,60.770715,2012.314279,0.134174,0.075653,0.044896
sz.000503,2020-04-25,2020-03-31,1.565159,57.502148,1059.713946,0.084929,0.019606,0.013519
sz.000503,2020-08-28,2020-06-30,2.110471,85.289001,2312.163302,0.077849,0.038879,0.028126
sz.000503,2020-10-30,2020-09-30,3.858477,69.975788,4147.116919,0.065105,0.067264,0.048709
sz.000606,2017-04-22,2017-03-31,1.338013,67.263933,0.550677,163.435302,0.065567,0.026647
sz.000606,2017-08-16,2017-06-30,3.339084,53.906998,1.443435,124.702524,0.183284,0.070181
sz.000606,2017-10-28,2017-09-30,4.818737,56.031279,2.225126,121.341442,0.328289,0.100766
sz.000606,2018-04-28,2018-03-31,3.848422,23.386206,99.990964,0.900081,0.150756,0.040080
sz.000606,2018-08-31,2018-06-30,5.388941,33.401736,230.376096,0.781331,0.361904,0.088658
sz.000606,2018-10-31,2018-09-30,5.152248,52.404305,308.245185,0.875926,0.544857,0.112939
sz.000606,2019-04-30,2019-03-31,2.910519,30.922318,2692.641725,0.033424,0.516550,0.089483
sz.000606,2019-08-31,2019-06-30,5.993271,30.033682,9968.074416,0.018058,1.104767,0.181806
sz.000606,2019-10-31,2019-09-30,10.722986,25.179554,17157.524026,0.015737,1.762597,0.292999
sz.000606,2020-04-30,2020-03-31,8.613631,10.448555,235790.081345,0.000382,1.415359,0.384748
sz.000606,2020-08-31,2020-06-30,19.961413,9.017397,517032.000701,0.000348,3.218179,0.852881
sz.000606,2020-10-31,2020-09-30,35.267941,7.655678,875744.308438,0.000308,5.336316,1.424799
sz.000638,2017-04-29,2017-03-31,8.671888,10.378363,0.019612,4588.983302,0.020221,0.017488
sz.000638,2017-08-31,2017-06-30,27.121009,6.636921,0.046870,3840.410103,0.065271,0.054053
sz.000638,2017-10-31,2017-09-30,5.147282,52.454871,0.082964,3254.441676,0.102397,0.081322
sz.000638,2018-04-28,2018-03-31,0.390420,230.521240,0.061226,1469.959578,0.039048,0.023522
sz.000638,2018-08-30,2018-06-30,0.852185,211.221782,0.126238,1425.876862,0.086712,0.051880
sz.000638,2018-10-31,2018-09-30,1.259779,214.323361,0.159018,1697.924919,0.124666,0.074515
sz.000638,2019-04-30,2019-03-31,0.202851,443.675455,0.041234,2182.666092,0.029051,0.020645
sz.000638,2019-08-30,2019-06-30,0.515115,349.436655,0.104406,1724.031021,0.079550,0.056214
sz.000638,2019-10-31,2019-09-30,1.176612,229.472353,0.296513,910.584113,0.177758,0.125804
sz.000638,2020-04-30,2020-03-31,0.269758,333.632704,0.161858,556.043374,0.072970,0.043346
sz.000638,2020-08-31,2020-06-30,0.470164,382.844836,0.215611,834.835351,0.137366,0.081705
sz.000638,2020-10-31,2020-09-30,0.800684,337.211603,0.340823,792.199614,0.231496,0.138120
sz.000676,2017-04-27,2017-03-31,1.394075,64.558931,,,0.346407,0.178380
sz.000676,2017-08-30,2017-06-30,2.931378,61.404573,,,0.722096,0.379358
sz.000676,2017-10-31,2017-09-30,4.766364,56.646952,,,1.153648,0.637221
sz.000676,2018-04-27,2018-03-31,1.372672,65.565549,,,0.506323,0.294151
sz.000676,2018-08-15,2018-06-30,2.657550,67.731565,,,0.934356,0.531565
sz.000676,2018-10-20,2018-09-30,3.495590,77.240187,,,1.309676,0.762514
sz.000676,2019-04-26,2019-03-31,1.238536,72.666445,6650.257692,0.013533,0.549960,0.321558
sz.000676,2019-08-24,2019-06-30,2.304752,78.099505,12589.139081,0.014298,1.053635,0.601186
sz.000676,2019-10-22,2019-09-30,3.471339,77.779785,20705.236596,0.013040,1.644951,0.954961
sz.000676,2020-04-28,2020-03-31,2.210452,40.715645,7330.218720,0.012278,0.665971,0.372759
sz.000676,2020-08-28,2020-06-30,3.854210,46.702183,11154.427311,0.016137,1.170663,0.637858
sz.000676,2020-10-29,2020-09-30,6.056396,44.580971,19478.277259,0.013862,1.765961,0.959779
sz.000839,2017-04-28,2017-03-31,1.163378,77.360911,0.673211,133.687635,0.244999,0.075010
sz.000839,2017-08-29,2017-06-30,2.537022,70.949316,1.314724,136.910863,0.435562,0.147172
sz.000839,2017-10-31,2017-09-30,3.446755,78.334539,1.769039,152.625223,0.643049,0.205404
sz.000839,2018-04-27,2018-03-31,1.007856,89.298443,0.504092,178.538733,0.196825,0.059525
sz.000839,2018-08-31,2018-06-30,2.088698,86.178103,0.896317,200.821784,0.396394,0.112316
sz.000839,2018-10-31,2018-09-30,3.068005,88.005071,1.192902,226.338787,0.587990,0.168537
sz.000839,2019-04-29,2019-03-31,1.310491,68.676535,0.399641,225.202064,0.244551,0.049561
sz.000839,2019-08-31,2019-06-30,2.368329,76.002961,0.705004,255.317573,0.446697,0.092176
sz.000839,2019-10-31,2019-09-30,3.477483,77.642370,1.051093,256.875396,0.676801,0.140372
sz.000839,2020-04-30,2020-03-31,0.862227,104.380862,0.286035,314.647279,0.167606,0.040004
sz.000839,2020-08-29,2020-06-30,1.796567,100.191100,0.579717,310.496392,0.377483,0.087166
sz.000839,2020-10-31,2020-09-30,2.270066,118.939281,0.721347,374.299575,0.446385,0.115582
sz.000889,2017-04-29,2017-03-31,0.744642,120.863505,88.942374,1.011891,0.357419,0.132642
sz.000889,2017-08-29,2017-06-30,1.544417,116.548803,205.286848,0.876822,0.767180,0.289116
sz.000889,2017-10-28,2017-09-30,2.337700,115.498160,399.182394,0.676383,1.213051,0.463644
sz.000889,2018-04-28,2018-03-31,0.771782,116.613199,55.244264,1.629128,0.429756,0.182367
sz.000889,2018-08-28,2018-06-30,1.436470,125.307146,114.857782,1.567155,0.903693,0.368304
sz.000889,2018-10-30,2018-09-30,2.221257,121.552809,80.916077,3.336791,1.413668,0.536517
sz.000889,2019-04-30,2019-03-31,0.714806,125.908371,13.302320,6.765737,0.397869,0.156043
sz.000889,2019-08-27,2019-06-30,1.419790,126.779273,22.249012,8.090247,0.770775,0.304744
sz.000889,2019-10-29,2019-09-30,2.117892,127.485254,30.105803,8.968371,1.126404,0.440882
sz.000889,2020-04-28,2020-03-31,0.520927,172.768957,11.649833,7.725432,0.247515,0.124463
sz.000889,2020-08-18,2020-06-30,1.203037,149.621379,24.410992,7.373727,0.577402,0.286982
sz.000889,2020-10-27,2020-09-30,1.923536,140.366461,40.258402,6.706675,0.945002,0.466657
sz.000917,2017-04-29,2017-03-31,2.591192,34.733056,0.431964,208.350906,0.229332,0.077475
sz.000917,2017-08-12,2017-06-30,4.966931,36.239680,0.942145,191.053340,0.492987,0.165185
sz.000917,2017-10-28,2017-09-30,7.877557,34.274586,1.466044,184.169119,0.758744,0.256817
sz.000917,2018-04-28,2018-03-31,2.075757,43.357668,0.625584,143.865599,0.262321,0.098418
sz.000917,2018-08-31,2018-06-30,4.038071,44.575737,1.258341,143.045429,0.521784,0.195804
sz.000917,2018-10-31,2018-09-30,5.856928,46.099255,1.957321,137.943613,0.800327,0.307275
sz.000917,2019-04-27,2019-03-31,1.418686,63.438997,0.378040,238.069997,0.158968,0.061425
sz.000917,2019-08-31,2019-06-30,2.748648,65.486740,0.781064,230.455001,0.337291,0.127822
sz.000917,2019-10-31,2019-09-30,4.361340,61.907581,1.440571,187.425654,0.578558,0.211492
sz.000917,2020-04-29,2020-03-31,1.083537,83.061287,0.507806,177.233202,0.148155,0.054263
sz.000917,2020-08-31,2020-06-30,2.413781,74.571810,1.089666,165.188267,0.298005,0.110274
sz.000917,2020-10-31,2020-09-30,3.687859,73.213219,2.053118,131.507302,0.482628,0.174452
sz.000971,2017-04-29,2017-03-31,0.880401,102.226093,,,0.204122,0.056230
sz.000971,2017-08-26,2017-06-30,1.753044,102.678568,,,0.419650,0.109546
sz.000971,2017-10-28,2017-09-30,2.536705,106.437299,,,0.624547,0.165243
sz.000971,2018-04-14,2018-03-31,0.767864,117.208303,,,0.235070,0.056664
sz.000971,2018-08-31,2018-06-30,1.530216,117.630423,,,0.451302,0.107539
sz.000971,2018-10-31,2018-09-30,2.282520,118.290321,,,0.679497,0.166030
sz.000971,2019-04-30,2019-03-31,0.359432,250.395193,1.547603,58.154459,0.124667,0.054637
sz.000971,2019-08-30,2019-06-30,0.836062,215.295078,3.853821,46.706888,0.292970,0.127885
sz.000971,2019-10-30,2019-09-30,1.179950,228.823212,5.316060,50.789491,0.420570,0.181461
sz.000971,2020-04-30,2020-03-31,0.343360,262.115446,1.446048,62.238617,0.134613,0.069669
sz.000971,2020-08-31,2020-06-30,0.773842,232.605530,3.718612,48.405156,0.328361,0.169526
sz.000971,2020-10-31,2020-09-30,1.164847,231.790011,6.429588,41.993358,0.494668,0.253949
sz.002065,2017-04-27,2017-03-31,0.278179,323.532229,0.279622,321.862534,0.127413,0.100972
sz.002065,2017-08-30,2017-06-30,0.539646,333.551826,0.525453,342.561305,0.243690,0.192970
sz.002065,2017-10-27,2017-09-30,0.880487,306.648466,0.836374,322.822243,0.395836,0.315290
sz.002065,2018-04-21,2018-03-31,0.290176,310.156249,0.250110,359.841595,0.117948,0.098331
sz.002065,2018-08-30,2018-06-30,0.621904,289.433618,0.524209,343.374774,0.254084,0.213154
sz.002065,2018-10-29,2018-09-30,0.989411,272.889641,0.785769,343.612331,0.407930,0.342723
sz.002065,2019-04-30,2019-03-31,0.267677,336.225525,0.233781,384.975308,0.114798,0.101264
sz.002065,2019-08-30,2019-06-30,0.609059,295.537633,0.484816,371.274822,0.259970,0.223972
sz.002065,2019-10-22,2019-09-30,0.929703,290.415455,0.734070,367.812509,0.401727,0.347397
sz.002065,2020-04-29,2020-03-31,0.273904,328.582608,0.226426,397.481388,0.118331,0.102481
sz.002065,2020-08-11,2020-06-30,0.572052,314.656761,0.426912,421.632798,0.243643,0.211563
sz.002065,2020-10-28,2020-09-30,0.889860,303.418402,0.638592,422.805339,0.368056,0.319230
sz.002072,2017-04-29,2017-03-31,0.528609,170.258091,,,0.049580,0.032442
sz.002072,2017-08-19,2017-06-30,1.072932,167.764573,,,0.110238,0.072988
sz.002072,2017-10-21,2017-09-30,1.538072,175.544395,,,0.166860,0.110917
sz.002072,2018-04-28,2018-03-31,0.708873,126.962103,254.750038,0.353287,0.090602,0.062272
sz.002072,2018-08-24,2018-06-30,0.833902,215.852738,122.001468,1.475392,0.109661,0.075901
sz.002072,2018-10-25,2018-09-30,0.922887,292.560043,135.467964,1.993091,0.121626,0.084312
sz.002072,2019-04-30,2019-03-31,0.048237,1865.784743,,,0.006043,0.005589
sz.002072,2019-08-21,2019-06-30,0.607381,296.354477,,,0.049211,0.041510
sz.002072,2019-10-23,2019-09-30,2.175934,124.084665,,,0.205032,0.173360
sz.002072,2020-04-30,2020-03-31,0.152029,591.991950,,,0.019469,0.011604
sz.002072,2020-08-25,2020-06-30,0.316614,568.515535,,,0.042583,0.025469
sz.002072,2020-10-27,2020-09-30,0.447413,603.468826,,,0.057703,0.034451
sz.002095,2017-04-28,2017-03-31,10.037261,8.966589,18.345604,4.905807,0.085825,0.073681
sz.002095,2017-08-25,2017-06-30,24.253070,7.421741,35.029848,5.138475,0.172128,0.148312
sz.002095,2017-10-25,2017-09-30,29.260327,9.227512,52.156483,5.176729,0.253458,0.218965
sz.002095,2018-04-27,2018-03-31,12.319819,7.305302,21.211099,4.243062,0.064932,0.057314
sz.002095,2018-08-28,2018-06-30,28.382287,6.341984,37.944634,4.743754,0.170196,0.150751
sz.002095,2018-10-25,2018-09-30,46.364241,5.823453,48.569125,5.559087,0.265907,0.236033
sz.002095,2019-04-27,2019-03-31,2.309824,38.964010,11.831101,7.607069,0.061593,0.055738
sz.002095,2019-08-24,2019-06-30,4.997993,36.014453,21.133218,8.517397,0.127599,0.115537
sz.002095,2019-10-23,2019-09-30,8.267668,32.657336,43.168741,6.254526,0.218163,0.197934
sz.002095,2020-04-29,2020-03-31,7.323766,12.288759,7.192811,12.512493,0.039870,0.035855
sz.002095,2020-08-27,2020-06-30,17.893595,10.059465,25.195344,7.144177,0.104954,0.094541
sz.002095,2020-10-28,2020-09-30,26.781103,10.081735,53.230758,5.072255,0.169578,0.152361
sz.002113,2017-04-27,2017-03-31,0.614755,146.399686,,,0.136110,0.038005
sz.002113,2017-08-18,2017-06-30,1.374860,130.922381,,,0.320614,0.083544
sz.002113,2017-10-26,2017-09-30,1.975589,136.668136,,,0.456085,0.119305
sz.002113,2018-04-27,2018-03-31,0.926540,97.135592,,,0.124482,0.048302
sz.002113,2018-08-30,2018-06-30,1.789746,100.572952,,,0.225056,0.089008
sz.002113,2018-10-27,2018-09-30,2.533295,106.580578,,,0.363070,0.138596
sz.002113,2019-04-26,2019-03-31,0.899624,100.041806,,,0.125045,0.041785
sz.002113,2019-08-26,2019-06-30,2.006208,89.721486,,,0.297946,0.101017
sz.002113,2019-10-23,2019-09-30,3.322449,81.265345,,,0.490536,0.169568
sz.002113,2020-04-28,2020-03-31,0.705169,127.628928,,,0.235822,0.072627
sz.002113,2020-08-26,2020-06-30,1.287623,139.792483,,,0.447580,0.141330
sz.002113,2020-10-28,2020-09-30,1.917703,140.793419,,,0.766931,0.241159
sz.002131,2017-04-29,2017-03-31,0.696220,129.269577,4.593127,19.594494,0.455208,0.185737
sz.002131,2017-08-31,2017-06-30,1.457315,123.514796,9.930616,18.125763,0.917444,0.390166
sz.002131,2017-10-30,2017-09-30,2.272968,118.787421,16.584856,16.279912,1.457608,0.637488
sz.002131,2018-04-27,2018-03-31,0.620492,145.046214,5.877703,15.312103,0.369493,0.193564
sz.002131,2018-08-29,2018-06-30,1.332395,135.095092,13.931654,12.920218,0.822644,0.436907
sz.002131,2018-10-29,2018-09-30,2.057179,131.247683,20.149097,13.400104,1.288787,0.666081
sz.002131,2019-04-27,2019-03-31,0.661365,136.082094,5.972326,15.069506,0.358295,0.235707
sz.002131,2019-08-23,2019-06-30,1.371660,131.227896,12.588045,14.299282,0.803934,0.496301
sz.002131,2019-10-31,2019-09-30,2.151475,125.495313,18.777488,14.378920,1.225565,0.756623
sz.002131,2020-04-28,2020-03-31,0.838814,107.294298,8.523974,10.558456,0.459005,0.283389
sz.002131,2020-08-11,2020-06-30,1.674213,107.513226,16.933621,10.629741,0.933533,0.564879
sz.002131,2020-10-31,2020-09-30,2.479226,108.904936,23.236200,11.619800,1.422546,0.725568
sz.002153,2017-04-27,2017-03-31,1.486144,60.559414,1.034946,86.961068,0.153506,0.089876
sz.002153,2017-08-24,2017-06-30,3.763637,47.826085,2.098958,85.756843,0.344619,0.200095
sz.002153,2017-10-27,2017-09-30,5.710773,47.279068,3.531140,76.462562,0.547504,0.319303
sz.002153,2018-04-27,2018-03-31,1.096235,82.099164,0.904182,99.537433,0.126420,0.076317
sz.002153,2018-08-30,2018-06-30,2.871738,62.679808,2.130778,84.476197,0.229750,0.151827
sz.002153,2018-10-27,2018-09-30,4.541291,59.454455,3.202839,84.300221,0.362726,0.236195
sz.002153,2019-04-29,2019-03-31,1.255774,71.668940,0.950007,94.736131,0.103121,0.068178
sz.002153,2019-08-29,2019-06-30,2.700539,66.653351,2.037438,88.346243,0.217362,0.143001
sz.002153,2019-10-29,2019-09-30,4.370400,61.779237,3.228596,83.627688,0.358500,0.232830
sz.002153,2020-04-30,2020-03-31,0.942560,95.484632,0.849110,105.993379,0.091748,0.055426
sz.002153,2020-08-27,2020-06-30,2.200948,81.782952,2.121764,84.835061,0.211022,0.126274
sz.002153,2020-10-27,2020-09-30,3.782333,71.384506,3.522729,76.645117,0.347817,0.206785
sz.002168,2017-04-24,2017-03-31,0.494527,181.991943,0.577994,155.710859,0.054479,0.025768
sz.002168,2017-08-01,2017-06-30,1.249532,144.053921,1.766451,101.899255,0.157066,0.074487
sz.002168,2017-10-30,2017-09-30,1.986607,135.910122,2.615252,103.240524,0.243175,0.112394
sz.002168,2018-04-17,2018-03-31,2.668475,33.727134,2.003916,44.912066,0.575767,0.180609
sz.002168,2018-08-21,2018-06-30,4.476150,40.213128,3.859433,46.638977,0.848774,0.336515
sz.002168,2018-10-23,2018-09-30,5.821340,46.381074,6.332891,42.634557,1.092587,0.446182
sz.002168,2019-04-23,2019-03-31,0.556148,161.827336,0.946449,95.092337,0.125748,0.060021
sz.002168,2019-08-23,2019-06-30,1.101065,163.478123,1.858014,96.877609,0.242500,0.116869
sz.002168,2019-10-29,2019-09-30,1.695080,159.284564,3.481760,77.546983,0.394532,0.182401
sz.002168,2020-04-30,2020-03-31,1.075531,83.679565,1.789659,50.288924,0.240124,0.095427
sz.002168,2020-08-26,2020-06-30,1.712232,105.125910,3.066483,58.699163,0.419631,0.153438
sz.002168,2020-10-30,2020-09-30,2.447039,110.337439,5.822984,46.367975,0.557129,0.203901
sz.002174,2017-04-25,2017-03-31,1.174342,76.638638,,,0.468143,0.175150
sz.002174,2017-08-24,2017-06-30,2.422374,74.307255,,,0.812060,0.317941
sz.002174,2017-10-31,2017-09-30,3.802953,70.997457,,,1.132217,0.450920
sz.002174,2018-04-26,2018-03-31,1.499534,60.018660,,,0.270313,0.127613
sz.002174,2018-08-29,2018-06-30,2.926796,61.500696,,,0.579643,0.265932
sz.002174,2018-10-26,2018-09-30,4.034770,66.918312,,,0.878662,0.388160
sz.002174,2019-04-30,2019-03-31,0.897342,100.296236,,,0.208439,0.108800
sz.002174,2019-08-31,2019-06-30,1.857843,96.886532,,,0.423538,0.223494
sz.002174,2019-10-23,2019-09-30,2.680197,100.738863,,,0.574145,0.315341
sz.002174,2020-04-30,2020-03-31,1.375953,65.409217,,,0.351065,0.134185
sz.002174,2020-08-26,2020-06-30,2.783973,64.655789,,,0.705727,0.274890
sz.002174,2020-10-30,2020-09-30,4.443499,60.762930,,,1.088710,0.411893
sz.002195,2017-04-22,2017-03-31,0.836679,107.568103,,,0.087511,0.055696
sz.002195,2017-08-18,2017-06-30,2.311256,77.879717,,,0.217746,0.138844
sz.002195,2017-10-25,2017-09-30,3.948651,68.377783,,,0.384324,0.247786
sz.002195,2018-04-20,2018-03-31,0.744338,120.912794,,,0.079676,0.046844
sz.002195,2018-08-17,2018-06-30,2.444917,73.622144,6.044915,29.777092,0.226275,0.133092
sz.002195,2018-10-25,2018-09-30,4.421780,61.061378,5.728937,47.129159,0.407683,0.239000
sz.002195,2019-04-18,2019-03-31,2.252428,39.956878,,,0.167307,0.109462
sz.002195,2019-08-15,2019-06-30,3.534025,50.933423,,,0.232777,0.153973
sz.002195,2019-10-25,2019-09-30,4.575800,59.006071,,,0.295556,0.190176
sz.002195,2020-04-30,2020-03-31,0.803986,111.942211,,,0.051449,0.030544
sz.002195,2020-08-18,2020-06-30,1.223638,147.102355,,,0.100816,0.058596
sz.002195,2020-10-26,2020-09-30,2.009386,134.369384,,,0.141791,0.084222
sz.002197,2017-04-27,2017-03-31,0.419792,214.392136,0.956452,94.097818,0.124536,0.075521
sz.002197,2017-08-24,2017-06-30,0.814518,220.989459,1.785827,100.793644,0.258500,0.153983
sz.002197,2017-10-21,2017-09-30,1.107320,243.831918,2.511646,107.499219,0.338626,0.210067
sz.002197,2018-04-27,2018-03-31,0.242436,371.232673,0.617956,145.641459,0.094983,0.052305
sz.002197,2018-08-11,2018-06-30,0.501605,358.847745,1.434813,125.451857,0.214918,0.117353
sz.002197,2018-10-26,2018-09-30,0.745896,361.980729,2.200780,122.683800,0.322486,0.174761
sz.002197,2019-04-29,2019-03-31,0.183324,490.934609,0.829674,108.476400,0.093594,0.046266
sz.002197,2019-08-07,2019-06-30,0.388888,462.857903,1.823195,98.727756,0.207123,0.101635
sz.002197,2019-10-24,2019-09-30,0.568246,475.146005,2.637381,102.374302,0.305968,0.148306
sz.002197,2020-04-29,2020-03-31,0.148314,606.821720,1.073391,83.846426,0.088088,0.039441
sz.002197,2020-08-21,2020-06-30,0.305501,589.195450,1.998548,90.065371,0.172795,0.078895
sz.002197,2020-10-24,2020-09-30,0.458081,589.415840,2.962685,91.133540,0.238585,0.109376
sz.002212,2017-04-29,2017-03-31,0.710587,126.655791,0.897625,100.264582,0.225317,0.077134
sz.002212,2017-08-29,2017-06-30,1.727767,104.180685,2.315874,77.724452,0.597280,0.203970
sz.002212,2017-10-30,2017-09-30,2.879727,93.758902,3.474514,77.708717,0.983630,0.343006
sz.002212,2018-04-28,2018-03-31,0.824787,109.119097,0.995652,90.393038,0.275343,0.102251
sz.002212,2018-08-25,2018-06-30,1.987879,90.548791,2.823477,63.751190,0.764590,0.284777
sz.002212,2018-10-31,2018-09-30,3.193199,84.554698,4.424002,61.030710,1.196628,0.443135
sz.002212,2019-04-30,2019-03-31,0.729561,123.361873,1.052487,85.511721,0.315491,0.106117
sz.002212,2019-08-30,2019-06-30,1.735909,103.692087,2.328094,77.316473,0.775411,0.260829
sz.002212,2019-10-31,2019-09-30,2.959854,91.220727,3.688000,73.210408,1.256068,0.428065
sz.002212,2020-04-30,2020-03-31,0.456659,197.083690,0.592936,151.786955,0.177599,0.067462
sz.002212,2020-08-31,2020-06-30,1.415965,127.121796,1.831577,98.275978,0.563581,0.214951
sz.002212,2020-10-30,2020-09-30,2.933669,92.034924,3.820760,70.666562,0.905549,0.355570
sz.002235,2017-04-21,2017-03-31,1.048936,85.801222,3.389941,26.549138,0.103291,0.047227
sz.002235,2017-08-24,2017-06-30,2.388211,75.370235,7.936108,22.681144,0.233647,0.106800
sz.002235,2017-10-27,2017-09-30,3.635128,74.275234,9.932343,27.183919,0.350263,0.161724
sz.002235,2018-04-21,2018-03-31,1.439998,62.500070,4.740031,18.987217,0.158336,0.078177
sz.002235,2018-08-22,2018-06-30,2.247722,80.081093,7.383127,24.379914,0.269346,0.134803
sz.002235,2018-10-26,2018-09-30,3.011197,89.665348,8.722705,30.953700,0.382451,0.186880
sz.002235,2019-04-30,2019-03-31,0.330715,272.138023,1.898711,47.400575,0.087502,0.043969
sz.002235,2019-08-28,2019-06-30,0.617838,291.338726,3.235286,55.636506,0.155827,0.078779
sz.002235,2019-10-26,2019-09-30,0.891696,302.793608,4.637131,58.225653,0.227260,0.114252
sz.002235,2020-04-29,2020-03-31,0.284914,315.884244,1.309741,68.715866,0.064781,0.035969
sz.002235,2020-08-27,2020-06-30,0.580453,310.102851,2.952010,60.975402,0.135080,0.074976
sz.002235,2020-10-28,2020-09-30,0.944655,285.818780,4.597826,58.723402,0.217850,0.121965
sz.002261,2017-04-28,2017-03-31,0.700039,128.564194,0.879618,102.317171,0.229298,0.068901
sz.002261,2017-08-21,2017-06-30,1.319987,136.364975,1.462050,123.114844,0.430131,0.128629
sz.002261,2017-10-30,2017-09-30,1.927932,140.046461,2.152961,125.408660,0.623803,0.186601
sz.002261,2018-04-27,2018-03-31,0.514665,174.871033,0.616812,145.911652,0.168347,0.054265
sz.002261,2018-08-27,2018-06-30,1.027790,175.133066,1.106466,162.680103,0.345362,0.111673
sz.002261,2018-10-27,2018-09-30,1.562131,172.840821,1.672528,161.432313,0.536320,0.180527
sz.002261,2019-04-27,2019-03-31,0.544488,165.292831,0.551888,163.076529,0.166691,0.079754
sz.002261,2019-08-30,2019-06-30,1.162190,154.880059,1.315337,136.847072,0.371327,0.174072
sz.002261,2019-10-12,2019-09-30,1.740407,155.136138,2.058016,131.194299,0.587030,0.274750
sz.002261,2020-04-14,2020-03-31,0.647216,139.057102,0.987991,91.093913,0.222000,0.100832
sz.002261,2020-07-15,2020-06-30,1.321978,136.159594,2.244507,80.195774,0.431277,0.195269
sz.002261,2020-10-23,2020-09-30,2.086946,129.375627,2.444587,110.448112,0.657148,0.303926
sz.002298,2017-04-26,2017-03-31,0.343610,261.925172,0.270019,333.309726,0.121768,0.064924
sz.002298,2017-08-24,2017-06-30,0.725010,248.272543,0.577411,311.736522,0.249071,0.138668
sz.002298,2017-10-26,2017-09-30,1.157043,233.353410,0.926025,291.568939,0.392000,0.220101
sz.002298,2018-04-27,2018-03-31,0.522821,172.143148,0.255031,352.897604,0.120916,0.073760
sz.002298,2018-08-22,2018-06-30,1.119730,160.753041,0.539423,333.690026,0.271781,0.164607
sz.002298,2018-10-25,2018-09-30,1.742116,154.983975,0.779154,346.529652,0.443514,0.263720
sz.002298,2019-04-26,2019-03-31,0.521600,172.546036,0.359128,250.607262,0.170827,0.087072
sz.002298,2019-08-28,2019-06-30,1.206894,149.143221,0.689121,261.202218,0.377686,0.196856
sz.002298,2019-10-29,2019-09-30,1.981129,136.285923,1.135344,237.813368,0.612417,0.320970
sz.002298,2020-04-29,2020-03-31,0.389300,231.184263,0.273233,329.389574,0.121167,0.069786
sz.002298,2020-07-22,2020-06-30,0.864081,208.313713,0.661485,272.115024,0.291964,0.167273
sz.002298,2020-10-15,2020-09-30,1.397515,193.200050,1.003680,269.010145,0.463805,0.267739
sz.002316,2017-04-29,2017-03-31,0.123136,730.900398,0.516913,174.110639,0.036754,0.029465
sz.002316,2017-08-24,2017-06-30,0.429585,419.008806,2.168673,83.000068,0.139887,0.111652
sz.002316,2017-10-28,2017-09-30,0.531369,508.121440,2.907004,92.879128,0.179403,0.115803
sz.002316,2018-04-27,2018-03-31,1.296793,69.401998,4.343515,20.720544,0.503230,0.241882
sz.002316,2018-08-04,2018-06-30,2.821482,63.796255,9.364046,19.222460,1.172390,0.556180
sz.002316,2018-10-27,2018-09-30,4.747536,56.871609,18.875111,14.304552,1.937006,0.918886
sz.002316,2019-04-26,2019-03-31,1.780765,50.540066,6.334143,14.208710,0.715932,0.304668
sz.002316,2019-08-24,2019-06-30,3.624759,49.658479,13.575048,13.259621,1.397003,0.636432
sz.002316,2019-10-28,2019-09-30,5.773383,46.766342,23.079183,11.698854,2.127309,0.969639
sz.002316,2020-04-30,2020-03-31,1.621359,55.508992,4.309963,20.881852,0.498368,0.243183
sz.002316,2020-08-29,2020-06-30,3.619315,49.733165,9.162198,19.645941,1.071385,0.543780
sz.002316,2020-10-31,2020-09-30,5.226432,51.660481,13.670953,19.749903,1.579871,0.811019
sz.002380,2017-04-27,2017-03-31,0.218684,411.552371,0.353054,254.918678,0.048686,0.039189
sz.002380,2017-07-28,2017-06-30,0.572546,314.385265,0.945079,190.460226,0.130330,0.104970
sz.002380,2017-10-25,2017-09-30,0.948641,284.617639,1.522802,177.304723,0.207880,0.167384
sz.002380,2018-04-25,2018-03-31,0.194915,461.740337,0.380765,236.366394,0.046684,0.037377
sz.002380,2018-07-28,2018-06-30,0.535851,335.914012,0.987914,182.202108,0.130982,0.104905
sz.002380,2018-10-23,2018-09-30,0.876886,307.907723,1.592915,169.500608,0.204494,0.163300
sz.002380,2019-04-19,2019-03-31,0.217389,414.004951,0.476133,189.022896,0.064159,0.050659
sz.002380,2019-07-27,2019-06-30,0.523017,344.156750,1.163409,154.717732,0.159231,0.125202
sz.002380,2019-10-21,2019-09-30,0.857509,314.865470,1.851968,145.790819,0.252194,0.194066
sz.002380,2020-04-21,2020-03-31,0.234239,384.222376,0.334772,268.839363,0.065761,0.046710
sz.002380,2020-08-05,2020-06-30,0.659349,272.996689,0.922045,195.218202,0.193753,0.135523
sz.002380,2020-10-23,2020-09-30,1.067164,253.007022,1.428704,188.982424,0.313023,0.215536
sz.002405,2017-04-26,2017-03-31,0.842100,106.875726,0.847665,106.173968,0.083830,0.047100
sz.002405,2017-08-28,2017-06-30,1.922230,93.641223,1.888682,95.304556,0.202909,0.110026
sz.002405,2017-10-25,2017-09-30,2.891882,93.364810,3.669788,73.573722,0.390596,0.191417
sz.002405,2018-04-26,2018-03-31,0.917296,98.114504,1.314957,68.443325,0.102328,0.046583
sz.002405,2018-08-22,2018-06-30,1.739753,103.462947,2.999031,60.019383,0.219129,0.100466
sz.002405,2018-10-24,2018-09-30,2.716706,99.385078,4.128638,65.396870,0.378643,0.162350
sz.002405,2019-04-16,2019-03-31,1.038021,86.703479,1.350178,66.657886,0.149931,0.057230
sz.002405,2019-08-26,2019-06-30,1.848352,97.384070,3.565885,50.478359,0.308052,0.118428
sz.002405,2019-10-24,2019-09-30,2.457972,109.846673,4.645504,58.120710,0.471038,0.172568
sz.002405,2020-04-28,2020-03-31,0.568197,158.395904,1.354704,66.435201,0.150601,0.044134
sz.002405,2020-08-28,2020-06-30,1.353300,133.008193,4.324953,41.618954,0.365614,0.106949
sz.002405,2020-10-30,2020-09-30,2.052245,131.563221,6.635905,40.687746,0.589637,0.170986
sz.002425,2017-04-29,2017-03-31,0.658490,136.676255,0.197284,456.196030,0.140989,0.031067
sz.002425,2017-08-29,2017-06-30,1.297629,138.714575,0.409327,439.746262,0.307867,0.067118
sz.002425,2017-10-25,2017-09-30,1.712468,157.667195,0.690607,390.960488,0.450633,0.106116
sz.002425,2018-04-25,2018-03-31,0.384075,234.329524,0.523636,171.875259,0.142927,0.031802
sz.002425,2018-07-31,2018-06-30,0.790628,227.667246,1.047294,171.871479,0.319043,0.065128
sz.002425,2018-10-17,2018-09-30,1.022477,264.064561,1.458806,185.082919,0.448761,0.094498
sz.002425,2019-04-27,2019-03-31,0.461072,195.197436,0.836756,107.558175,0.272777,0.053290
sz.002425,2019-08-28,2019-06-30,0.795450,226.287029,1.592760,113.011351,0.434556,0.087993
sz.002425,2019-10-25,2019-09-30,1.076483,250.816891,2.470798,109.276448,0.618921,0.123539
sz.002425,2020-04-29,2020-03-31,0.334497,269.060460,1.452887,61.945649,0.180651,0.035269
sz.002425,2020-08-27,2020-06-30,0.574074,313.548449,2.930064,61.432111,0.298501,0.060059
sz.002425,2020-10-26,2020-09-30,0.838423,322.032971,8.111057,33.287892,0.482637,0.088725
sz.002439,2017-04-29,2017-03-31,0.305904,294.209471,0.485009,185.563491,0.135253,0.082621
sz.002439,2017-08-03,2017-06-30,0.715793,251.469479,1.085857,165.767682,0.348299,0.200121
sz.002439,2017-10-25,2017-09-30,1.151316,234.514176,2.083827,129.569288,0.581175,0.336039
sz.002439,2018-04-28,2018-03-31,0.247073,364.265259,0.688695,130.681874,0.125767,0.069482
sz.002439,2018-08-03,2018-06-30,0.609539,295.305011,1.503025,119.758525,0.332065,0.179150
sz.002439,2018-10-30,2018-09-30,1.072094,251.843631,2.522532,107.035319,0.538572,0.302408
sz.002439,2019-04-29,2019-03-31,0.224173,401.476140,0.680361,132.282782,0.117732,0.072382
sz.002439,2019-08-06,2019-06-30,0.562911,319.766508,1.639329,109.801011,0.258282,0.168306
sz.002439,2019-10-25,2019-09-30,0.949389,284.393517,2.636813,102.396327,0.451760,0.296217
sz.002439,2020-04-30,2020-03-31,0.115311,780.494919,0.276403,325.611499,0.046368,0.033868
sz.002439,2020-08-04,2020-06-30,0.387809,464.146189,0.850453,211.652006,0.155450,0.112475
sz.002439,2020-10-28,2020-09-30,0.747754,361.081418,1.555797,173.544534,0.292139,0.212115
sz.002447,2017-04-28,2017-03-31,1.048946,85.800429,0.012166,7397.761178,0.080447,0.016505
sz.002447,2017-08-31,2017-06-30,2.051555,87.738341,0.098915,1819.748819,0.222178,0.046009
sz.002447,2017-10-30,2017-09-30,2.701510,99.944121,0.132643,2035.535911,0.337968,0.072049
sz.002447,2018-04-28,2018-03-31,1.147837,78.408351,,,0.197122,0.055629
sz.002447,2018-08-31,2018-06-30,1.617496,111.283115,656.850610,0.274035,0.266098,0.076374
sz.002447,2018-10-29,2018-09-30,1.873465,144.117968,6.880593,39.240804,0.273313,0.077866
sz.002447,2019-04-29,2019-03-31,0.294727,305.367260,3.713944,24.232996,0.056498,0.020296
sz.002447,2019-08-29,2019-06-30,0.366420,491.239214,3.925703,45.851662,0.081163,0.026677
sz.002447,2019-10-30,2019-09-30,0.483893,557.974607,5.793630,46.602905,0.112358,0.036632
sz.002447,2020-04-30,2020-03-31,0.067055,1342.178675,23.444649,3.838829,0.015224,0.010304
sz.002447,2020-08-15,2020-06-30,0.111334,1616.760969,47.206771,3.813012,0.025168,0.017204
sz.002447,2020-10-24,2020-09-30,0.398980,676.724974,13.133233,20.558533,0.087200,0.059511
sz.002464,2017-04-27,2017-03-31,1.480198,60.802697,,,0.332085,0.041170
sz.002464,2017-08-23,2017-06-30,2.492028,72.230338,,,0.574929,0.075997
sz.002464,2017-10-26,2017-09-30,3.453656,78.178017,,,1.085796,0.124473
sz.002464,2018-04-28,2018-03-31,1.264693,71.163539,60.831523,1.479496,0.276188,0.055430
sz.002464,2018-08-23,2018-06-30,2.811750,64.017082,148.390400,1.213016,0.725577,0.126847
sz.002464,2018-10-27,2018-09-30,3.300072,81.816407,247.776672,1.089691,1.100400,0.193749
sz.002464,2019-04-30,2019-03-31,0.937786,95.970712,,,0.236733,0.047911
sz.002464,2019-08-16,2019-06-30,2.002394,89.892416,,,0.513460,0.096786
sz.002464,2019-10-29,2019-09-30,2.755727,97.977774,,,0.704461,0.143249
sz.002464,2020-04-29,2020-03-31,0.481655,186.855800,2.098072,42.896523,0.131282,0.034432
sz.002464,2020-08-15,2020-06-30,1.212591,148.442460,,,0.357752,0.063631
sz.002464,2020-10-27,2020-09-30,1.817153,148.584091,,,0.506985,0.091076
sz.002474,2017-04-28,2017-03-31,1.160385,77.560483,0.127296,707.013409,0.081761,0.066784
sz.002474,2017-08-24,2017-06-30,2.266585,79.414626,0.255019,705.830807,0.168915,0.137927
sz.002474,2017-10-25,2017-09-30,3.400575,79.398334,0.367837,734.021181,0.251159,0.204349
sz.002474,2018-04-27,2018-03-31,1.152441,78.095120,0.129644,694.206261,0.078089,0.059784
sz.002474,2018-08-31,2018-06-30,2.465261,73.014571,0.311741,577.402129,0.178781,0.135849
sz.002474,2018-10-24,2018-09-30,3.514732,76.819510,0.388281,695.372472,0.250677,0.188989
sz.002474,2019-04-23,2019-03-31,0.770149,116.860485,0.107266,839.032434,0.072784,0.055052
sz.002474,2019-08-26,2019-06-30,1.689477,106.541871,0.271126,663.897924,0.162231,0.122677
sz.002474,2019-10-26,2019-09-30,2.474413,109.116780,0.335329,805.180096,0.223395,0.168461
sz.002474,2020-04-30,2020-03-31,0.423028,212.751845,0.046360,1941.325642,0.039758,0.027698
sz.002474,2020-08-26,2020-06-30,1.287971,139.754709,0.158369,1136.589543,0.131878,0.091154
sz.002474,2020-10-26,2020-09-30,2.098403,128.669262,0.273115,988.595465,0.225336,0.153162
sz.002517,2017-04-18,2017-03-31,1.175179,76.584049,,,0.194402,0.157408
sz.002517,2017-08-28,2017-06-30,2.594749,69.370877,,,0.376437,0.301557
sz.002517,2017-10-30,2017-09-30,3.225782,83.700640,,,0.739462,0.446176
sz.002517,2018-04-26,2018-03-31,0.594645,151.350691,,,0.199391,0.101581
sz.002517,2018-08-27,2018-06-30,0.978497,183.955554,,,0.369767,0.170011
sz.002517,2018-10-29,2018-09-30,1.564223,172.609641,20.329408,13.281253,0.624978,0.274887
sz.002517,2019-04-29,2019-03-31,0.633012,142.177505,614.691549,0.146415,0.273870,0.109938
sz.002517,2019-08-27,2019-06-30,1.021911,176.140566,,,0.428683,0.172309
sz.002517,2019-10-31,2019-09-30,1.500367,179.955923,,,0.609500,0.245838
sz.002517,2020-04-29,2020-03-31,0.618805,145.441691,7.923750,11.358258,0.184723,0.109454
sz.002517,2020-08-28,2020-06-30,1.329483,135.390944,26.151978,6.882845,0.360275,0.212649
sz.002517,2020-10-31,2020-09-30,2.062118,130.933372,66.169592,4.080424,0.522679,0.303799
sz.002530,2017-04-25,2017-03-31,0.626534,143.647385,0.460061,195.626156,0.069740,0.035557
sz.002530,2017-08-17,2017-06-30,1.350057,133.327665,0.982466,183.212374,0.159270,0.081366
sz.002530,2017-10-25,2017-09-30,2.382461,113.328191,1.726417,156.393300,0.263971,0.138045
sz.002530,2018-04-23,2018-03-31,0.516071,174.394592,0.554915,162.186942,0.082824,0.041888
sz.002530,2018-08-21,2018-06-30,1.140464,157.830521,1.176548,152.989983,0.195027,0.095827
sz.002530,2018-10-24,2018-09-30,1.766515,152.843304,1.757693,153.610437,0.340246,0.159574
sz.002530,2019-04-23,2019-03-31,0.488043,184.409940,0.595486,151.136965,0.128998,0.054824
sz.002530,2019-08-20,2019-06-30,0.916095,196.486249,1.141964,157.623219,0.254269,0.107727
sz.002530,2019-10-24,2019-09-30,1.465777,184.202698,2.035096,132.671848,0.425856,0.179593
sz.002530,2020-04-28,2020-03-31,0.373137,241.198297,0.708918,126.954044,0.126374,0.058412
sz.002530,2020-08-25,2020-06-30,0.828211,217.335902,1.611581,111.691592,0.287395,0.132304
sz.002530,2020-10-28,2020-09-30,1.233283,218.927892,2.490301,108.420650,0.439475,0.202660
sz.002544,2017-04-26,2017-03-31,0.543399,165.624169,0.712280,126.354842,0.201332,0.164859
sz.002544,2017-08-26,2017-06-30,1.204241,149.471689,1.519135,118.488487,0.437552,0.357734
sz.002544,2017-10-27,2017-09-30,1.851183,145.852684,2.423954,111.388254,0.678365,0.555514
sz.002544,2018-04-26,2018-03-31,0.427026,210.759858,0.722284,124.604737,0.181490,0.154236
sz.002544,2018-08-24,2018-06-30,0.938410,191.813889,1.566379,114.914733,0.413211,0.351152
sz.002544,2018-10-26,2018-09-30,1.354302,199.364736,2.236435,120.727829,0.597470,0.510163
sz.002544,2019-04-26,2019-03-31,0.329730,272.950514,0.862766,104.315621,0.183444,0.156558
sz.002544,2019-08-20,2019-06-30,0.696556,258.414406,1.733472,103.837820,0.379826,0.326541
sz.002544,2019-10-26,2019-09-30,1.027562,262.757742,2.399776,112.510500,0.574279,0.489090
sz.002544,2020-04-29,2020-03-31,0.183610,490.170048,0.488278,184.321176,0.106968,0.091858
sz.002544,2020-08-27,2020-06-30,0.587636,306.311820,1.585810,113.506669,0.345491,0.298048
sz.002544,2020-10-28,2020-09-30,1.034957,260.880513,2.541318,106.244090,0.571153,0.495390
sz.002558,2017-04-28,2017-03-31,2.861379,31.453365,,,0.097206,0.083508
sz.002558,2017-08-25,2017-06-30,5.645090,31.886116,,,0.182922,0.156739
sz.002558,2017-10-30,2017-09-30,7.508131,35.961012,,,0.269913,0.225665
sz.002558,2018-04-28,2018-03-31,0.871492,103.271137,,,0.103193,0.082590
sz.002558,2018-08-30,2018-06-30,1.251055,143.878616,,,0.201361,0.151916
sz.002558,2018-10-30,2018-09-30,1.953949,138.181723,,,0.297559,0.223094
sz.002558,2019-04-27,2019-03-31,1.042992,86.290187,,,0.102430,0.064048
sz.002558,2019-08-31,2019-06-30,2.369352,75.970153,,,0.201580,0.124901
sz.002558,2019-10-31,2019-09-30,3.735301,72.283340,,,0.335967,0.189344
sz.002558,2020-04-30,2020-03-31,2.571008,35.005720,,,0.138566,0.069035
sz.002558,2020-08-28,2020-06-30,6.119555,29.413904,,,0.259087,0.126620
sz.002558,2020-10-30,2020-09-30,8.923087,30.258586,,,0.406737,0.178794
sz.002602,2017-04-27,2017-03-31,1.369792,65.703406,1.403173,64.140352,0.422701,0.152617
sz.002602,2017-08-24,2017-06-30,2.788870,64.542263,2.715946,66.275262,0.738634,0.278419
sz.002602,2017-10-30,2017-09-30,3.886466,69.471846,3.942922,68.477133,1.120395,0.416746
sz.002602,2018-04-28,2018-03-31,1.404416,64.083597,1.366549,65.859350,0.328200,0.127025
sz.002602,2018-08-30,2018-06-30,3.531720,50.966675,4.817748,37.361858,0.899143,0.348368
sz.002602,2018-10-29,2018-09-30,6.027960,44.791273,7.853892,34.377861,1.446812,0.552120
sz.002602,2019-04-30,2019-03-31,1.402590,64.167026,3.229481,27.868257,0.368620,0.130644
sz.002602,2019-08-27,2019-06-30,2.975026,60.503664,7.629653,23.592160,0.814736,0.290752
sz.002602,2019-10-29,2019-09-30,4.263100,63.334187,11.680060,23.116320,1.107291,0.430726
sz.002602,2020-04-30,2020-03-31,0.981132,91.730745,4.029193,22.336977,0.388618,0.110455
sz.002602,2020-08-29,2020-06-30,2.039718,88.247486,7.696956,23.385867,0.861061,0.225044
sz.002602,2020-10-31,2020-09-30,2.972838,90.822308,11.410178,23.663084,1.136246,0.314772
sz.002605,2017-04-29,2017-03-31,2.386917,37.705541,0.473125,190.224465,0.199889,0.088982
sz.002605,2017-08-29,2017-06-30,4.336479,41.508326,0.660792,272.400451,0.327797,0.142106
sz.002605,2017-10-31,2017-09-30,6.576704,41.053999,1.017049,265.473937,0.465089,0.206242
sz.002605,2018-04-27,2018-03-31,2.144759,41.962759,0.400580,224.674156,0.141546,0.060584
sz.002605,2018-08-31,2018-06-30,4.853409,37.087336,0.750106,239.966043,0.377137,0.135522
sz.002605,2018-10-31,2018-09-30,8.509364,31.729751,1.246143,216.668592,0.682779,0.230669
sz.002605,2019-04-30,2019-03-31,3.120190,28.844400,0.755318,119.155186,0.542419,0.137221
sz.002605,2019-08-20,2019-06-30,6.695718,26.882853,1.780199,101.112296,1.239251,0.295023
sz.002605,2019-10-29,2019-09-30,10.599206,25.473605,2.729066,98.934935,1.660589,0.443851
sz.002605,2020-04-28,2020-03-31,3.237056,27.803041,1.033385,87.092389,0.557658,0.162912
sz.002605,2020-08-26,2020-06-30,6.491886,27.726918,1.733851,103.815159,1.108285,0.314153
sz.002605,2020-10-30,2020-09-30,7.855584,34.370456,3.568604,75.659843,1.718726,0.541158
sz.002771,2017-04-26,2017-03-31,0.603357,149.165528,0.546367,164.724589,0.198597,0.170076
sz.002771,2017-08-04,2017-06-30,1.204367,149.456080,1.303565,138.082868,0.451973,0.386561
sz.002771,2017-10-25,2017-09-30,1.639115,164.723012,1.942786,138.975675,0.661513,0.566285
sz.002771,2018-04-26,2018-03-31,0.457810,196.588153,0.474026,189.863110,0.164148,0.139870
sz.002771,2018-07-31,2018-06-30,0.905802,198.718831,1.006854,178.774680,0.365877,0.309576
sz.002771,2018-10-18,2018-09-30,1.318957,204.707134,1.409053,191.618106,0.545513,0.467603
sz.002771,2019-04-26,2019-03-31,0.258397,348.301380,0.379649,237.061077,0.142012,0.120634
sz.002771,2019-07-26,2019-06-30,0.549742,327.426335,0.877468,205.135651,0.306652,0.259909
sz.002771,2019-10-26,2019-09-30,0.873565,309.078247,1.289641,209.360563,0.460407,0.392018
sz.002771,2020-04-25,2020-03-31,0.226379,397.563173,0.344944,260.911776,0.117819,0.099895
sz.002771,2020-08-26,2020-06-30,0.482012,373.434609,0.770227,233.697307,0.257709,0.217804
sz.002771,2020-10-28,2020-09-30,0.700195,385.607141,0.962737,280.450342,0.351960,0.299398
sz.300002,2017-04-25,2017-03-31,0.575903,156.276403,1.073616,83.828879,0.213790,0.090724
sz.300002,2017-08-29,2017-06-30,1.131195,159.123690,1.774933,101.412280,0.368328,0.163532
sz.300002,2017-10-27,2017-09-30,1.472080,183.413982,2.125250,127.043865,0.509720,0.224729
sz.300002,2018-04-27,2018-03-31,0.294000,306.122680,0.354708,253.729634,0.127407,0.048657
sz.300002,2018-08-30,2018-06-30,0.626026,287.528084,0.696084,258.589602,0.260782,0.097698
sz.300002,2018-10-30,2018-09-30,1.025410,263.309358,1.105207,244.298140,0.409857,0.154033
sz.300002,2019-04-26,2019-03-31,0.268638,335.023194,0.449984,200.007228,0.130332,0.045977
sz.300002,2019-08-28,2019-06-30,0.602618,298.696625,1.032414,174.348608,0.287420,0.100203
sz.300002,2019-10-30,2019-09-30,1.035010,260.867082,1.771616,152.403254,0.452159,0.164799
sz.300002,2020-04-28,2020-03-31,0.746636,120.540706,0.716361,125.634968,0.277612,0.104976
sz.300002,2020-08-28,2020-06-30,1.818432,98.986398,1.604359,112.194371,0.638186,0.244056
sz.300002,2020-10-30,2020-09-30,3.273523,82.479953,2.842554,94.984992,1.153824,0.429955
sz.300010,2017-04-26,2017-03-31,0.388398,231.721001,0.321631,279.823582,0.102557,0.040818
sz.300010,2017-08-29,2017-06-30,0.851746,211.330598,0.708240,254.151267,0.230435,0.090992
sz.300010,2017-10-28,2017-09-30,1.289271,209.420721,0.914308,295.305215,0.355710,0.141003
sz.300010,2018-04-25,2018-03-31,0.244023,368.818294,0.257475,349.548616,0.079729,0.031082
sz.300010,2018-08-30,2018-06-30,0.532076,338.297323,0.514895,349.585663,0.173938,0.065438
sz.300010,2018-10-29,2018-09-30,1.016870,265.520650,0.954149,282.974761,0.346806,0.128920
sz.300010,2019-04-26,2019-03-31,0.642275,140.126984,0.674965,133.340303,0.177070,0.064586
sz.300010,2019-08-29,2019-06-30,1.150775,156.416340,1.118496,160.930457,0.330854,0.123418
sz.300010,2019-10-29,2019-09-30,1.769752,152.563721,1.443427,187.054842,0.492622,0.183073
sz.300010,2020-04-28,2020-03-31,0.203486,442.290795,0.199389,451.378638,0.052051,0.017576
sz.300010,2020-08-25,2020-06-30,1.077062,167.121321,0.916289,196.444650,0.265984,0.093308
sz.300010,2020-10-30,2020-09-30,1.898835,142.192452,1.896126,142.395631,0.501993,0.172683
sz.300025,2017-04-20,2017-03-31,0.186370,482.910878,1.467244,61.339485,0.134329,0.092469
sz.300025,2017-08-26,2017-06-30,0.413790,435.002794,2.891758,62.245870,0.299534,0.206044
sz.300025,2017-10-27,2017-09-30,0.618633,436.446476,3.737492,72.240949,0.454098,0.309440
sz.300025,2018-04-24,2018-03-31,0.233968,384.668778,1.291053,69.710520,0.156034,0.110350
sz.300025,2018-08-30,2018-06-30,0.461135,390.341171,2.455044,73.318427,0.306454,0.216770
sz.300025,2018-10-29,2018-09-30,0.745351,362.245473,3.487695,77.415015,0.486093,0.346206
sz.300025,2019-04-27,2019-03-31,0.216425,415.847966,0.833171,108.021032,0.151791,0.117337
sz.300025,2019-08-10,2019-06-30,0.478981,375.798168,1.996314,90.166165,0.337233,0.263088
sz.300025,2019-10-22,2019-09-30,0.703886,383.584717,2.774510,97.314473,0.493874,0.382384
sz.300025,2020-04-27,2020-03-31,0.170481,527.917978,0.654858,137.434423,0.116448,0.100156
sz.300025,2020-08-28,2020-06-30,0.431262,417.379909,1.797273,100.151712,0.301443,0.247632
sz.300025,2020-10-30,2020-09-30,0.694034,389.029770,2.723037,99.153989,0.477566,0.393118
sz.300038,2017-04-22,2017-03-31,0.198694,452.957472,0.370209,243.105740,0.074414,0.030065
sz.300038,2017-08-19,2017-06-30,0.890913,202.039911,1.289721,139.565073,0.336191,0.132506
sz.300038,2017-10-28,2017-09-30,1.587081,170.123677,2.310507,116.857446,0.494765,0.219110
sz.300038,2018-04-21,2018-03-31,0.725401,124.069266,0.922130,97.600118,0.184253,0.067054
sz.300038,2018-08-25,2018-06-30,1.673508,107.558507,2.262893,79.544193,0.450476,0.163546
sz.300038,2018-10-27,2018-09-30,2.654464,101.715461,2.906467,92.896299,0.695625,0.257978
sz.300038,2019-04-20,2019-03-31,0.675666,133.201831,2.280422,39.466388,0.245534,0.098188
sz.300038,2019-08-24,2019-06-30,1.254782,143.451212,3.376030,53.317056,0.412983,0.169086
sz.300038,2019-10-26,2019-09-30,1.643312,164.302294,4.452923,60.634329,0.555918,0.229817
sz.300038,2020-04-28,2020-03-31,0.297175,302.852209,8.540889,10.537545,0.137503,0.062354
sz.300038,2020-08-27,2020-06-30,0.854529,210.642333,21.213637,8.485108,0.384666,0.166442
sz.300038,2020-10-29,2020-09-30,1.231671,219.214359,30.685856,8.798842,0.608858,0.261037
sz.300043,2017-04-26,2017-03-31,1.650195,54.539019,3.543972,25.395237,0.545257,0.115278
sz.300043,2017-08-25,2017-06-30,3.334793,53.976357,6.936582,25.949380,1.077294,0.234235
sz.300043,2017-10-24,2017-09-30,4.798882,56.263107,11.511009,23.455807,1.520209,0.361338
sz.300043,2018-04-28,2018-03-31,1.488878,60.448198,3.217447,27.972493,0.584974,0.108940
sz.300043,2018-08-07,2018-06-30,3.132196,57.467670,6.627021,27.161525,1.392701,0.273792
sz.300043,2018-10-27,2018-09-30,4.440403,60.805299,9.536338,28.312754,1.899285,0.367883
sz.300043,2019-04-25,2019-03-31,0.970347,92.750307,2.916965,30.853987,0.456704,0.086001
sz.300043,2019-08-30,2019-06-30,2.041760,88.159226,6.175074,29.149450,1.002494,0.189284
sz.300043,2019-10-15,2019-09-30,3.476913,77.655094,11.033511,24.470904,1.635873,0.338420
sz.300043,2020-04-27,2020-03-31,0.743117,121.111439,3.758843,23.943536,0.353492,0.068155
sz.300043,2020-08-27,2020-06-30,1.821527,98.818178,9.827769,18.315448,0.779001,0.148830
sz.300043,2020-10-29,2020-09-30,2.925785,92.282912,16.726654,16.141902,1.257527,0.237475
sz.300044,2017-04-27,2017-03-31,0.634364,141.874313,0.314575,286.099966,0.171590,0.109592
sz.300044,2017-08-29,2017-06-30,1.206260,149.221538,0.715254,251.658940,0.381580,0.207117
sz.300044,2017-10-30,2017-09-30,1.783510,151.386864,1.056206,255.632022,0.578405,0.317101
sz.300044,2018-04-27,2018-03-31,0.395599,227.503297,0.142637,630.973931,0.100557,0.054871
sz.300044,2018-08-30,2018-06-30,0.858505,209.666840,0.410438,438.555619,0.249143,0.133802
sz.300044,2018-10-30,2018-09-30,1.180490,228.718658,0.543324,496.940599,0.348814,0.186747
sz.300044,2019-04-29,2019-03-31,0.182231,493.877324,3.009821,29.902111,0.135995,0.068551
sz.300044,2019-08-30,2019-06-30,0.416638,432.029632,2.401656,74.948300,0.277324,0.142578
sz.300044,2019-10-30,2019-09-30,0.631080,427.837876,2.995113,90.146864,0.388242,0.197458
sz.300044,2020-04-28,2020-03-31,0.274398,327.990485,1.528231,58.891634,0.098862,0.054741
sz.300044,2020-08-28,2020-06-30,0.697135,258.199529,4.999242,36.005462,0.254468,0.142910
sz.300044,2020-10-30,2020-09-30,1.092814,247.068540,7.729802,34.929743,0.378608,0.212041
sz.300050,2017-04-26,2017-03-31,0.330829,272.043743,1.316763,68.349444,0.123128,0.067325
sz.300050,2017-07-28,2017-06-30,0.626239,287.430278,2.817970,63.875772,0.243169,0.132756
sz.300050,2017-10-30,2017-09-30,0.886259,304.651308,3.946629,68.412809,0.362882,0.171681
sz.300050,2018-04-25,2018-03-31,0.369558,243.534042,2.224757,40.453852,0.144667,0.057003
sz.300050,2018-08-28,2018-06-30,0.793773,226.765041,4.749722,37.896958,0.332678,0.129050
sz.300050,2018-10-27,2018-09-30,1.133130,238.278108,6.574131,41.070067,0.484144,0.185872
sz.300050,2019-04-25,2019-03-31,0.347963,258.647952,1.792251,50.216172,0.179429,0.065247
sz.300050,2019-08-28,2019-06-30,0.756697,237.875894,3.727263,48.292805,0.397296,0.146957
sz.300050,2019-10-26,2019-09-30,1.150632,234.653609,6.755587,39.966921,0.613832,0.223748
sz.300050,2020-04-24,2020-03-31,0.260248,345.824210,1.625059,55.382605,0.123429,0.055355
sz.300050,2020-08-27,2020-06-30,0.654101,275.186966,4.083921,44.075292,0.319588,0.141423
sz.300050,2020-10-16,2020-09-30,1.193953,226.139623,8.501449,31.759291,0.593103,0.256227
sz.300052,2017-04-24,2017-03-31,0.689670,130.497103,,,0.172216,0.063269
sz.300052,2017-08-11,2017-06-30,1.742981,103.271321,,,0.380960,0.147553
sz.300052,2017-10-30,2017-09-30,2.527344,106.831521,,,0.582546,0.209845
sz.300052,2018-04-26,2018-03-31,0.765425,117.581720,,,0.149992,0.065240
sz.300052,2018-08-13,2018-06-30,1.342190,134.109219,,,0.283669,0.125032
sz.300052,2018-10-30,2018-09-30,1.934116,139.598643,,,0.384832,0.168292
sz.300052,2019-04-29,2019-03-31,0.643685,139.819916,,,0.141416,0.064681
sz.300052,2019-08-28,2019-06-30,1.335851,134.745594,,,0.299362,0.135246
sz.300052,2019-10-29,2019-09-30,1.794012,150.500707,,,0.429930,0.189991
sz.300052,2020-04-25,2020-03-31,1.498160,60.073688,,,0.505010,0.214413
sz.300052,2020-08-14,2020-06-30,3.069083,58.649447,,,1.036748,0.446356
sz.300052,2020-10-29,2020-09-30,3.630630,74.367249,,,1.244934,0.544732
sz.300074,2017-04-26,2017-03-31,0.493772,182.270241,0.369785,243.384589,0.126297,0.062740
sz.300074,2017-08-18,2017-06-30,0.956880,188.111297,0.779695,230.859591,0.276835,0.137674
sz.300074,2017-10-27,2017-09-30,1.342593,201.103313,1.051744,256.716365,0.398875,0.200353
sz.300074,2018-04-26,2018-03-31,0.334141,269.347478,0.304930,295.150039,0.103035,0.055289
sz.300074,2018-08-29,2018-06-30,0.547303,328.885545,0.436327,412.535072,0.168487,0.090714
sz.300074,2018-10-27,2018-09-30,0.988856,273.042846,0.831464,324.728322,0.301217,0.163512
sz.300074,2019-04-26,2019-03-31,0.240581,374.094038,0.238334,377.621663,0.088505,0.046459
sz.300074,2019-08-22,2019-06-30,0.552645,325.706174,0.561685,320.464307,0.211828,0.112185
sz.300074,2019-10-30,2019-09-30,0.836519,322.766276,0.953280,283.232705,0.332932,0.178644
sz.300074,2020-04-29,2020-03-31,0.124083,725.321861,0.184692,487.298339,0.056800,0.031661
sz.300074,2020-08-13,2020-06-30,0.451105,399.020032,0.703346,255.919505,0.196512,0.113469
sz.300074,2020-10-30,2020-09-30,0.709635,380.477380,1.040520,259.485534,0.310090,0.179982
sz.300085,2017-04-25,2017-03-31,0.747221,120.446220,1.211513,74.287277,0.232491,0.146807
sz.300085,2017-08-29,2017-06-30,1.588729,113.298143,2.593796,69.396358,0.517088,0.324291
sz.300085,2017-10-28,2017-09-30,2.430067,111.108045,3.902655,69.183672,0.705092,0.424413
sz.300085,2018-04-27,2018-03-31,0.877570,102.555945,1.169816,76.935204,0.222501,0.126817
sz.300085,2018-08-21,2018-06-30,1.626869,110.641944,2.828243,63.643751,0.480154,0.281559
sz.300085,2018-10-30,2018-09-30,2.304852,117.144176,4.349034,62.082758,0.721067,0.428335
sz.300085,2019-04-29,2019-03-31,0.651384,138.167268,1.378422,65.292035,0.192699,0.118120
sz.300085,2019-08-21,2019-06-30,1.323724,135.980023,2.909370,61.869054,0.413721,0.252012
sz.300085,2019-10-30,2019-09-30,2.023404,133.438483,4.833458,55.860629,0.654748,0.396659
sz.300085,2020-04-29,2020-03-31,0.636083,141.490996,1.930296,46.624983,0.204414,0.120310
sz.300085,2020-08-26,2020-06-30,1.447973,124.311730,4.532148,39.716266,0.467678,0.279710
sz.300085,2020-10-28,2020-09-30,2.337653,115.500464,6.893616,39.166675,0.798474,0.470899
sz.300096,2017-04-26,2017-03-31,0.086945,1035.136130,0.223036,403.522032,0.050388,0.039794
sz.300096,2017-08-22,2017-06-30,0.304161,591.792438,1.052987,170.942252,0.175543,0.136216
sz.300096,2017-10-27,2017-09-30,0.468226,576.644833,1.461590,184.730267,0.271721,0.191601
sz.300096,2018-04-27,2018-03-31,0.131202,685.966482,0.350921,256.467655,0.069016,0.047179
sz.300096,2018-08-23,2018-06-30,0.351396,512.242639,1.191228,151.104551,0.192379,0.133117
sz.300096,2018-10-26,2018-09-30,0.592337,455.821793,2.115909,127.604742,0.332768,0.228942
sz.300096,2019-04-29,2019-03-31,0.141884,634.322149,0.335827,267.995457,0.080847,0.055250
sz.300096,2019-08-26,2019-06-30,0.338445,531.844428,0.924197,194.763639,0.200874,0.139370
sz.300096,2019-10-28,2019-09-30,0.653628,413.079040,1.809088,149.246483,0.379885,0.264733
sz.300096,2020-04-29,2020-03-31,0.209191,430.229252,0.389300,231.184257,0.084314,0.054624
sz.300096,2020-08-26,2020-06-30,0.708816,253.944653,1.235311,145.712328,0.290409,0.185917
sz.300096,2020-10-28,2020-09-30,1.360418,198.468345,2.539259,106.330250,0.551189,0.353069
sz.300113,2017-04-27,2017-03-31,1.874922,48.001997,1.156648,77.811075,0.224623,0.100493
sz.300113,2017-08-26,2017-06-30,3.454891,52.100054,2.669082,67.438908,0.442446,0.195135
sz.300113,2017-10-28,2017-09-30,5.486843,49.208628,4.813737,56.089479,0.722495,0.328267
sz.300113,2018-04-27,2018-03-31,2.359245,38.147803,6.560864,13.717705,0.273782,0.142000
sz.300113,2018-08-30,2018-06-30,4.384137,41.057113,11.608700,15.505612,0.490519,0.255387
sz.300113,2018-10-30,2018-09-30,7.057498,38.257183,15.534780,17.380356,0.725414,0.386386
sz.300113,2019-04-29,2019-03-31,2.149682,41.866666,4.077408,22.072845,0.184877,0.102478
sz.300113,2019-08-30,2019-06-30,4.344357,41.433058,6.523819,27.591200,0.365692,0.197577
sz.300113,2019-10-30,2019-09-30,7.284075,37.067166,11.109769,24.302935,0.612597,0.329965
sz.300113,2020-04-28,2020-03-31,1.388462,64.819901,1.769489,50.862153,0.121981,0.069095
sz.300113,2020-08-28,2020-06-30,2.723729,66.085876,3.278803,54.898085,0.245922,0.135510
sz.300113,2020-10-30,2020-09-30,5.043500,53.534250,5.878593,45.929356,0.442132,0.245712
sz.300167,2017-04-26,2017-03-31,0.398573,225.805606,0.345508,260.486230,0.099799,0.063092
sz.300167,2017-08-18,2017-06-30,0.981224,183.444263,0.949462,189.581084,0.260426,0.159901
sz.300167,2017-10-27,2017-09-30,1.375497,196.292662,1.427120,189.192167,0.370909,0.227492
sz.300167,2018-04-27,2018-03-31,0.228514,393.848415,0.453425,198.489374,0.081516,0.046607
sz.300167,2018-08-21,2018-06-30,0.513297,350.674434,0.927180,194.136964,0.193819,0.109877
sz.300167,2018-10-27,2018-09-30,0.720866,374.549657,1.333393,202.491010,0.283860,0.161028
sz.300167,2019-04-27,2019-03-31,0.345878,260.207198,0.604507,148.881652,0.141010,0.080836
sz.300167,2019-08-30,2019-06-30,0.858207,209.739613,1.664671,108.129477,0.374680,0.219513
sz.300167,2019-10-29,2019-09-30,1.265885,213.289540,2.388208,113.055458,0.514275,0.315984
sz.300167,2020-04-30,2020-03-31,0.156702,574.339532,0.457042,196.918263,0.069381,0.049856
sz.300167,2020-08-28,2020-06-30,0.370530,485.791223,1.074591,167.505514,0.158540,0.114876
sz.300167,2020-10-29,2020-09-30,0.558512,483.427149,1.479763,182.461597,0.225647,0.167921
sz.300168,2017-04-26,2017-03-31,0.318660,282.432859,0.135083,666.258833,0.093375,0.044762
sz.300168,2017-08-30,2017-06-30,0.853838,210.812843,0.502737,358.040243,0.292077,0.139943
sz.300168,2017-10-27,2017-09-30,1.294098,208.639545,0.688917,391.919593,0.443651,0.217465
sz.300168,2018-04-23,2018-03-31,0.242169,371.641241,0.108983,825.813677,0.064202,0.038503
sz.300168,2018-08-16,2018-06-30,0.682260,263.829173,0.490503,366.969859,0.222871,0.129572
sz.300168,2018-10-30,2018-09-30,1.003887,268.954486,0.724464,372.689252,0.343978,0.199726
sz.300168,2019-04-26,2019-03-31,0.235364,382.386933,0.162662,553.294003,0.086246,0.046974
sz.300168,2019-08-27,2019-06-30,0.625433,287.800792,0.592899,303.592908,0.245847,0.136615
sz.300168,2019-10-29,2019-09-30,0.893469,302.192860,0.796761,338.871975,0.350812,0.196617
sz.300168,2020-04-29,2020-03-31,0.273145,329.494959,0.170899,526.626882,0.067948,0.036934
sz.300168,2020-08-27,2020-06-30,0.724003,248.617872,0.429240,419.345460,0.184190,0.100562
sz.300168,2020-10-29,2020-09-30,1.557223,173.385545,0.975760,276.707346,0.379982,0.207854
sz.300231,2017-04-27,2017-03-31,0.406151,221.592719,5.117452,17.586877,0.281280,0.168926
sz.300231,2017-07-29,2017-06-30,0.886284,203.095131,11.040022,16.304316,0.594526,0.368184
sz.300231,2017-10-27,2017-09-30,1.287923,209.639797,15.104797,17.875116,0.837247,0.529350
sz.300231,2018-04-25,2018-03-31,0.425861,211.336681,6.478574,13.891946,0.225648,0.158806
sz.300231,2018-08-15,2018-06-30,0.896552,200.769072,14.388670,12.509843,0.514997,0.364444
sz.300231,2018-10-29,2018-09-30,1.352243,199.668252,19.051330,14.172239,0.752437,0.527064
sz.300231,2019-04-25,2019-03-31,0.552550,162.881073,6.114255,14.719701,0.210931,0.154121
sz.300231,2019-08-29,2019-06-30,1.056500,170.373832,11.333587,15.881997,0.418113,0.307429
sz.300231,2019-10-19,2019-09-30,1.508358,179.002641,16.406359,16.457033,0.646506,0.472905
sz.300231,2020-04-28,2020-03-31,0.711576,126.479781,2.251102,39.980411,0.211000,0.158476
sz.300231,2020-08-04,2020-06-30,1.833160,98.191082,5.661688,31.792636,0.486115,0.365433
sz.300231,2020-10-29,2020-09-30,2.401939,112.409170,7.897598,34.187609,0.753589,0.568340
sz.300242,2017-04-26,2017-03-31,1.068546,84.226582,,,0.594139,0.238622
sz.300242,2017-08-29,2017-06-30,2.008521,89.618181,,,1.191897,0.465302
sz.300242,2017-10-30,2017-09-30,3.026026,89.225942,,,1.800528,0.723003
sz.300242,2018-04-26,2018-03-31,1.127042,79.855028,,,0.659799,0.299195
sz.300242,2018-08-17,2018-06-30,2.755929,65.313724,,,1.632885,0.738655
sz.300242,2018-10-30,2018-09-30,4.584906,58.888886,,,2.710269,1.255082
sz.300242,2019-04-26,2019-03-31,1.036140,86.860861,,,0.556182,0.447842
sz.300242,2019-08-20,2019-06-30,2.351727,76.539502,50718.757385,0.003549,1.333393,1.067253
sz.300242,2019-10-25,2019-09-30,3.662539,73.719353,85015.491449,0.003176,2.022287,1.640564
sz.300242,2020-04-25,2020-03-31,1.404292,64.089214,8678.836840,0.010370,0.850584,0.700893
sz.300242,2020-08-28,2020-06-30,3.032568,59.355639,,,1.728004,1.403726
sz.300242,2020-10-30,2020-09-30,4.587016,58.861792,6259.350257,0.043135,2.538485,2.090409
sz.300277,2017-04-29,2017-03-31,0.244500,368.097798,0.367084,245.175674,0.049094,0.042583
sz.300277,2017-08-25,2017-06-30,0.630561,285.460071,0.766471,234.842444,0.125873,0.111131
sz.300277,2017-10-26,2017-09-30,1.127245,239.522123,1.189654,226.956773,0.204123,0.181181
sz.300277,2018-04-26,2018-03-31,0.156480,575.152232,0.101968,882.627967,0.025254,0.023280
sz.300277,2018-08-17,2018-06-30,0.618222,291.157604,0.376402,478.212161,0.092610,0.085669
sz.300277,2018-10-26,2018-09-30,1.323220,204.047677,0.827887,326.131481,0.186553,0.173185
sz.300277,2019-04-25,2019-03-31,0.463770,194.061766,0.169796,530.049221,0.052383,0.049557
sz.300277,2019-08-28,2019-06-30,1.538637,116.986673,0.522628,344.413151,0.168907,0.159488
sz.300277,2019-10-29,2019-09-30,2.301918,117.293491,0.670897,402.446287,0.237062,0.224511
sz.300277,2020-04-25,2020-03-31,0.476961,188.694606,0.108550,829.109978,0.030175,0.028708
sz.300277,2020-08-18,2020-06-30,1.580950,113.855607,0.284950,631.689498,0.090630,0.086105
sz.300277,2020-10-20,2020-09-30,3.267502,82.631930,0.539303,500.646385,0.175598,0.167421
sz.300297,2017-04-26,2017-03-31,0.274711,327.617576,0.767901,117.202666,0.084397,0.052325
sz.300297,2017-08-08,2017-06-30,0.652760,275.752250,3.222729,55.853293,0.218977,0.138480
sz.300297,2017-10-28,2017-09-30,0.872816,309.343481,4.159834,64.906439,0.341254,0.213768
sz.300297,2018-04-26,2018-03-31,0.263886,341.056033,1.103431,81.563741,0.113829,0.064871
sz.300297,2018-08-30,2018-06-30,0.400333,449.625975,1.226168,146.798775,0.179206,0.102293
sz.300297,2018-10-29,2018-09-30,0.591729,456.289738,1.779038,151.767394,0.265189,0.153091
sz.300297,2019-04-29,2019-03-31,0.149671,601.320368,0.665889,135.157696,0.088412,0.044049
sz.300297,2019-08-30,2019-06-30,0.333257,540.123341,1.550994,116.054629,0.186611,0.098520
sz.300297,2019-10-30,2019-09-30,0.460873,585.844356,1.863542,144.885377,0.251711,0.132078
sz.300297,2020-04-30,2020-03-31,0.054927,1638.547481,0.541445,166.221982,0.034624,0.020190
sz.300297,2020-08-28,2020-06-30,0.159274,1130.128016,1.540364,116.855514,0.101418,0.058795
sz.300297,2020-10-30,2020-09-30,0.261324,1033.201286,1.794628,150.449041,0.167279,0.098224
sz.300300,2017-04-27,2017-03-31,0.296805,303.229825,0.127019,708.557169,0.042391,0.027130
sz.300300,2017-08-17,2017-06-30,0.647796,277.865126,0.267193,673.669663,0.094338,0.060292
sz.300300,2017-10-26,2017-09-30,1.001500,269.595652,0.413306,653.269427,0.157717,0.094735
sz.300300,2018-04-27,2018-03-31,0.521684,172.518275,0.209323,429.957085,0.085857,0.041125
sz.300300,2018-08-30,2018-06-30,0.867848,207.409533,0.362751,496.208571,0.148884,0.069977
sz.300300,2018-10-25,2018-09-30,1.440669,187.412891,0.593800,454.698363,0.249994,0.112023
sz.300300,2019-04-29,2019-03-31,0.749329,120.107499,0.215283,418.054638,0.105432,0.042434
sz.300300,2019-08-30,2019-06-30,1.270368,141.691195,0.444555,404.899316,0.204479,0.078882
sz.300300,2019-10-30,2019-09-30,1.909104,141.427633,0.643477,419.595616,0.308536,0.118837
sz.300300,2020-04-30,2020-03-31,0.294126,305.991784,0.177128,508.106894,0.040480,0.018075
sz.300300,2020-08-28,2020-06-30,0.622419,289.194235,0.375017,479.978689,0.093843,0.041422
sz.300300,2020-10-30,2020-09-30,0.964433,279.957296,0.595146,453.670121,0.158494,0.070672
sz.300302,2017-04-26,2017-03-31,0.463609,194.129247,0.475257,189.371153,0.089049,0.078543
sz.300302,2017-08-28,2017-06-30,0.860420,209.200183,1.013667,177.573122,0.171056,0.150444
sz.300302,2017-10-27,2017-09-30,1.661736,162.480689,1.815067,148.754833,0.285018,0.251448
sz.300302,2018-04-20,2018-03-31,0.691559,130.140786,1.089191,82.630167,0.234747,0.124452
sz.300302,2018-08-30,2018-06-30,1.217932,147.791560,2.199547,81.835038,0.468892,0.248708
sz.300302,2018-10-19,2018-09-30,1.972364,136.891562,2.959037,91.245906,0.649047,0.343146
sz.300302,2019-04-25,2019-03-31,0.237993,378.161717,0.380665,236.428046,0.103676,0.042244
sz.300302,2019-08-30,2019-06-30,0.633529,284.122755,0.932529,193.023457,0.289234,0.117237
sz.300302,2019-10-30,2019-09-30,1.003618,269.026561,1.734368,155.676275,0.480593,0.198392
sz.300302,2020-04-29,2020-03-31,0.067245,1338.379840,0.127783,704.319898,0.034329,0.012553
sz.300302,2020-08-28,2020-06-30,0.325225,553.462154,0.442266,406.994534,0.141481,0.057484
sz.300302,2020-10-30,2020-09-30,0.592539,455.665889,0.825306,327.151197,0.266228,0.108739
sz.300311,2017-04-26,2017-03-31,0.924272,97.373949,1.343670,66.980728,0.357973,0.114107
sz.300311,2017-08-29,2017-06-30,1.875991,95.949268,2.651769,67.879210,0.658638,0.228484
sz.300311,2017-10-27,2017-09-30,2.620546,103.031959,3.213550,84.019238,0.890875,0.315934
sz.300311,2018-04-24,2018-03-31,0.563949,159.588959,0.655225,137.357324,0.236404,0.094100
sz.300311,2018-08-21,2018-06-30,1.337286,134.600941,1.707354,105.426312,0.551527,0.231573
sz.300311,2018-10-23,2018-09-30,1.759811,153.425564,2.534238,106.540916,0.839180,0.354390
sz.300311,2019-04-27,2019-03-31,0.392456,229.325349,0.547821,164.287257,0.160193,0.086339
sz.300311,2019-08-27,2019-06-30,0.876395,205.386769,0.849723,211.833627,0.363794,0.193329
sz.300311,2019-10-28,2019-09-30,1.175885,229.614241,1.243202,217.181104,0.501536,0.268323
sz.300311,2020-04-30,2020-03-31,0.205567,437.814296,0.157837,570.210111,0.086213,0.058507
sz.300311,2020-08-28,2020-06-30,0.565545,318.276809,0.802495,224.300472,0.239746,0.159363
sz.300311,2020-10-29,2020-09-30,0.952383,283.499510,1.034244,261.060155,0.393961,0.259462
sz.300315,2017-04-27,2017-03-31,1.335729,67.378936,,,0.236105,0.043697
sz.300315,2017-08-26,2017-06-30,2.461048,73.139563,,,0.430987,0.079625
sz.300315,2017-10-28,2017-09-30,4.366714,61.831394,,,0.703084,0.124689
sz.300315,2018-04-27,2018-03-31,1.814630,49.596894,,,0.255408,0.049036
sz.300315,2018-08-28,2018-06-30,3.976548,45.265393,,,0.537795,0.113559
sz.300315,2018-10-30,2018-09-30,6.543980,41.259296,,,0.875795,0.161795
sz.300315,2019-04-27,2019-03-31,1.590349,56.591359,,,0.215417,0.058662
sz.300315,2019-08-29,2019-06-30,4.017928,44.799214,,,0.432537,0.117145
sz.300315,2019-10-29,2019-09-30,6.061414,44.544062,,,0.700280,0.199304
sz.300315,2020-04-29,2020-03-31,2.783797,32.329943,7.062024,12.744222,0.197842,0.067052
sz.300315,2020-08-27,2020-06-30,6.400279,28.123774,16.487164,10.917584,0.426022,0.148247
sz.300315,2020-10-29,2020-09-30,10.484897,25.751327,21.369718,12.634701,0.648432,0.223764
sz.300339,2017-04-27,2017-03-31,0.379560,237.116951,5.262419,17.102401,0.226616,0.068381
sz.300339,2017-08-23,2017-06-30,0.723217,248.888018,13.477691,13.355404,0.447159,0.138338
sz.300339,2017-10-26,2017-09-30,1.062300,254.165573,20.104500,13.429829,0.637545,0.209158
sz.300339,2018-04-26,2018-03-31,0.496910,181.119493,,,0.233818,0.096848
sz.300339,2018-08-21,2018-06-30,0.857328,209.954577,,,0.411654,0.169659
sz.300339,2018-10-26,2018-09-30,1.224566,220.486204,,,0.631934,0.259342
sz.300339,2019-04-23,2019-03-31,0.377203,238.598155,,,0.194943,0.081033
sz.300339,2019-08-23,2019-06-30,0.747146,240.916631,,,0.381369,0.164287
sz.300339,2019-10-28,2019-09-30,1.116242,241.882930,,,0.599718,0.256042
sz.300339,2020-04-29,2020-03-31,0.448794,200.537452,3.617368,24.879969,0.210297,0.110615
sz.300339,2020-08-12,2020-06-30,1.007312,178.693408,7.988668,22.531918,0.472378,0.243844
sz.300339,2020-10-30,2020-09-30,1.495130,180.586328,12.419766,21.739540,0.767437,0.392629
sz.300350,2017-04-26,2017-03-31,0.663850,135.572850,0.391175,230.076184,0.198513,0.068662
sz.300350,2017-08-26,2017-06-30,1.484602,121.244578,0.860740,209.122376,0.479844,0.165718
sz.300350,2017-10-28,2017-09-30,2.325545,116.101837,1.456524,185.372805,0.734636,0.269637
sz.300350,2018-04-26,2018-03-31,0.420785,213.885908,0.264344,340.465934,0.118086,0.058493
sz.300350,2018-08-30,2018-06-30,1.079208,166.789011,0.653913,275.265969,0.305133,0.155178
sz.300350,2018-10-27,2018-09-30,1.663610,162.297670,0.930549,290.151327,0.526999,0.252433
sz.300350,2019-04-26,2019-03-31,0.205300,438.383144,0.311423,288.996436,0.116936,0.073494
sz.300350,2019-08-30,2019-06-30,0.457812,393.174313,0.733024,245.558222,0.269893,0.168508
sz.300350,2019-10-30,2019-09-30,0.628756,429.419097,0.973529,277.341489,0.369805,0.231811
sz.300350,2020-04-25,2020-03-31,0.129053,697.389644,0.219888,409.300193,0.077642,0.059832
sz.300350,2020-08-28,2020-06-30,0.345731,520.635442,0.514760,349.677401,0.203825,0.157410
sz.300350,2020-10-29,2020-09-30,0.564617,478.200248,0.836349,322.831727,0.314562,0.242831
sz.300352,2017-04-26,2017-03-31,0.107504,837.175264,0.129095,697.159266,0.031493,0.026948
sz.300352,2017-08-29,2017-06-30,0.283111,635.793991,0.958744,187.745672,0.084158,0.071884
sz.300352,2017-10-25,2017-09-30,0.459470,587.633718,1.684400,160.294459,0.139444,0.118720
sz.300352,2018-04-27,2018-03-31,0.114852,783.620152,0.169248,531.763824,0.042345,0.034678
sz.300352,2018-08-30,2018-06-30,0.252893,711.764173,0.367599,489.663824,0.096635,0.078235
sz.300352,2018-10-30,2018-09-30,0.383271,704.462280,0.563471,479.172871,0.150506,0.121475
sz.300352,2019-04-26,2019-03-31,0.116209,774.466135,0.250821,358.821401,0.061090,0.042582
sz.300352,2019-08-28,2019-06-30,0.299476,601.048973,0.805633,223.426781,0.156425,0.112781
sz.300352,2019-10-29,2019-09-30,0.498396,541.737447,1.766173,152.872908,0.266301,0.193319
sz.300352,2020-04-30,2020-03-31,0.099995,900.045919,0.143575,626.849102,0.056301,0.039403
sz.300352,2020-08-28,2020-06-30,0.243204,740.119010,0.393797,457.088340,0.133358,0.093977
sz.300352,2020-10-30,2020-09-30,0.439650,614.125220,0.587778,459.356781,0.244968,0.173169
sz.300380,2017-04-26,2017-03-31,0.685629,131.266371,0.579168,155.395449,0.204343,0.167927
sz.300380,2017-08-22,2017-06-30,1.300591,138.398621,1.094011,164.532205,0.425859,0.342350
sz.300380,2017-10-27,2017-09-30,1.925916,140.193008,1.341388,201.283969,0.637288,0.513890
sz.300380,2018-04-25,2018-03-31,0.664990,135.340368,0.448793,200.537918,0.204552,0.165121
sz.300380,2018-08-22,2018-06-30,1.325718,135.775497,0.958448,187.803663,0.451088,0.364801
sz.300380,2018-10-25,2018-09-30,2.132462,126.614207,1.374938,196.372463,0.673206,0.548886
sz.300380,2019-04-24,2019-03-31,0.877814,102.527374,0.323186,278.477485,0.175904,0.146392
sz.300380,2019-08-13,2019-06-30,1.818436,98.986170,0.883848,203.654870,0.464748,0.383239
sz.300380,2019-10-26,2019-09-30,2.733290,98.782043,1.352694,199.601657,0.721005,0.598119
sz.300380,2020-04-24,2020-03-31,0.772445,116.513138,0.212524,423.481516,0.127197,0.107994
sz.300380,2020-08-27,2020-06-30,1.792948,100.393333,0.535077,336.400488,0.327786,0.277308
sz.300380,2020-10-26,2020-09-30,3.964404,68.106072,1.065667,253.362437,0.658596,0.554638
sz.300386,2017-04-27,2017-03-31,2.124079,42.371300,0.292786,307.392193,0.110812,0.099529
sz.300386,2017-08-26,2017-06-30,5.524135,32.584285,0.577904,311.470549,0.246175,0.220959
sz.300386,2017-10-26,2017-09-30,6.472588,41.714379,0.994281,271.552999,0.410606,0.374322
sz.300386,2018-04-27,2018-03-31,1.507739,59.692032,0.197752,455.115407,0.086283,0.077997
sz.300386,2018-08-30,2018-06-30,3.102862,58.010966,0.563730,319.301578,0.243802,0.220408
sz.300386,2018-10-25,2018-09-30,5.526743,48.853369,0.927300,291.167818,0.397335,0.353439
sz.300386,2019-04-29,2019-03-31,1.411318,63.770165,0.274507,327.860704,0.108606,0.095295
sz.300386,2019-08-06,2019-06-30,2.823878,63.742130,0.590755,304.695086,0.228130,0.199580
sz.300386,2019-10-29,2019-09-30,4.072155,66.303959,0.890111,303.332913,0.346300,0.303905
sz.300386,2020-04-29,2020-03-31,0.852957,105.515246,0.181023,497.175609,0.071158,0.058890
sz.300386,2020-07-28,2020-06-30,2.393140,75.214974,0.536578,335.459127,0.212368,0.175642
sz.300386,2020-10-30,2020-09-30,3.865091,69.856054,0.859030,314.308064,0.350333,0.289464
sz.300392,2017-04-29,2017-03-31,0.510049,176.453641,,,0.221398,0.167968
sz.300392,2017-08-26,2017-06-30,1.476739,121.890228,,,0.694875,0.530820
sz.300392,2017-10-27,2017-09-30,2.088907,129.254198,,,1.046433,0.805103
sz.300392,2018-04-27,2018-03-31,0.480718,187.219767,,,0.304928,0.219843
sz.300392,2018-08-30,2018-06-30,0.860544,209.169941,,,0.561436,0.410578
sz.300392,2018-10-30,2018-09-30,1.382682,195.272621,,,0.906744,0.666995
sz.300392,2019-04-27,2019-03-31,0.558919,161.025009,,,0.298004,0.218545
sz.300392,2019-08-30,2019-06-30,1.322410,136.115171,,,0.648123,0.470297
sz.300392,2019-10-30,2019-09-30,1.895733,142.425149,,,0.967441,0.711077
sz.300392,2020-04-30,2020-03-31,0.825034,109.086432,,,0.286029,0.218563
sz.300392,2020-08-29,2020-06-30,1.948337,92.386490,,,0.504408,0.381011
sz.300392,2020-10-30,2020-09-30,3.071484,87.905392,,,0.771935,0.581604
sz.300418,2017-04-26,2017-03-31,1.550146,58.059053,,,0.390808,0.124405
sz.300418,2017-07-25,2017-06-30,3.244984,55.470225,,,0.838298,0.253464
sz.300418,2017-10-25,2017-09-30,5.275840,51.176682,,,1.245345,0.382501
sz.300418,2018-04-27,2018-03-31,2.111461,42.624515,,,0.344974,0.075281
sz.300418,2018-08-24,2018-06-30,2.764245,65.117250,,,0.681497,0.156139
sz.300418,2018-10-29,2018-09-30,5.615288,48.083020,,,1.073272,0.246476
sz.300418,2019-04-27,2019-03-31,2.150047,41.859560,,,0.245847,0.092599
sz.300418,2019-08-20,2019-06-30,4.282013,42.036303,,,0.468381,0.186106
sz.300418,2019-10-28,2019-09-30,6.729088,40.124309,,,0.724872,0.284967
sz.300418,2020-04-29,2020-03-31,2.629470,34.227425,,,0.266011,0.095012
sz.300418,2020-08-25,2020-06-30,5.477399,32.862312,,,0.339158,0.150596
sz.300418,2020-10-30,2020-09-30,5.490168,49.178821,,,0.475259,0.197307
sz.300419,2017-04-27,2017-03-31,0.852164,105.613480,0.255522,352.219607,0.122506,0.058140
sz.300419,2017-07-28,2017-06-30,1.840892,97.778706,0.535783,335.956711,0.259728,0.121444
sz.300419,2017-10-27,2017-09-30,3.111816,86.766042,0.923390,292.400803,0.402698,0.188273
sz.300419,2018-04-27,2018-03-31,1.385799,64.944488,0.402068,223.842838,0.146288,0.070116
sz.300419,2018-08-29,2018-06-30,2.587423,69.567288,0.741258,242.830487,0.271928,0.129119
sz.300419,2018-10-30,2018-09-30,3.205185,84.238507,0.994807,271.409427,0.377485,0.181709
sz.300419,2019-04-27,2019-03-31,0.817381,110.107753,0.255586,352.131511,0.088977,0.070009
sz.300419,2019-08-10,2019-06-30,1.834584,98.114908,0.661450,272.129451,0.206459,0.161499
sz.300419,2019-10-29,2019-09-30,3.932426,68.659915,1.435888,188.036944,0.436168,0.343062
sz.300419,2020-04-29,2020-03-31,0.781392,115.179000,0.148680,605.326713,0.078589,0.063069
sz.300419,2020-08-26,2020-06-30,1.972435,91.257770,0.437375,411.545918,0.215624,0.176733
sz.300419,2020-10-28,2020-09-30,4.117660,65.571227,0.912708,295.823051,0.424993,0.347270
sz.300469,2017-04-27,2017-03-31,0.177232,507.808017,0.126137,713.512055,0.070284,0.055022
sz.300469,2017-08-29,2017-06-30,0.670215,268.570598,0.638057,282.106652,0.283027,0.225251
sz.300469,2017-10-27,2017-09-30,1.053816,256.211725,0.934367,288.965833,0.448990,0.341443
sz.300469,2018-04-26,2018-03-31,0.140512,640.516428,0.075385,1193.876558,0.050687,0.036146
sz.300469,2018-08-28,2018-06-30,0.681161,264.254744,0.451397,398.762156,0.258078,0.186998
sz.300469,2018-10-30,2018-09-30,1.075189,251.118581,0.635302,424.994401,0.405079,0.290038
sz.300469,2019-04-27,2019-03-31,0.158913,566.347912,0.085943,1047.203425,0.055197,0.039788
sz.300469,2019-08-29,2019-06-30,0.749147,240.273320,0.454336,396.182449,0.286341,0.205445
sz.300469,2019-10-30,2019-09-30,1.138969,237.056593,0.779851,346.220196,0.458397,0.328974
sz.300469,2020-04-29,2020-03-31,0.062980,1429.023578,0.068786,1308.411938,0.023978,0.016283
sz.300469,2020-08-28,2020-06-30,0.652249,275.968106,1.039994,173.077851,0.279058,0.187105
sz.300469,2020-10-30,2020-09-30,1.034545,260.984318,1.711043,157.798489,0.459045,0.316172
sz.300508,2017-04-25,2017-03-31,2.352427,38.258360,0.336055,267.813630,0.123911,0.088542
sz.300508,2017-08-04,2017-06-30,4.960324,36.287955,0.905330,198.822538,0.284575,0.204977
sz.300508,2017-10-26,2017-09-30,7.307691,36.947374,1.478133,182.662810,0.422107,0.305488
sz.300508,2018-04-17,2018-03-31,1.843046,48.832198,0.734137,122.592986,0.127059,0.092276
sz.300508,2018-07-31,2018-06-30,3.990097,45.111681,1.454815,123.727067,0.307638,0.220184
sz.300508,2018-10-22,2018-09-30,5.440770,49.625329,1.923973,140.334584,0.438003,0.314230
sz.300508,2019-04-17,2019-03-31,0.788836,114.092136,0.512191,175.715538,0.118970,0.083458
sz.300508,2019-08-14,2019-06-30,2.006305,89.717158,1.081645,166.413178,0.260421,0.178188
sz.300508,2019-10-23,2019-09-30,2.965619,91.043376,1.651842,163.453852,0.372888,0.256311
sz.300508,2020-04-17,2020-03-31,1.495217,60.191931,0.440938,204.110504,0.073917,0.051318
sz.300508,2020-08-21,2020-06-30,3.987988,45.135548,1.156981,155.577263,0.216733,0.143787
sz.300508,2020-10-21,2020-09-30,6.606630,40.868035,2.198668,122.801633,0.377311,0.241706
sz.300513,2017-04-27,2017-03-31,0.060898,1477.884293,0.187440,480.153719,0.028366,0.026780
sz.300513,2017-08-23,2017-06-30,0.431830,416.830522,1.017997,176.817839,0.207431,0.196334
sz.300513,2017-10-28,2017-09-30,0.667954,404.219173,1.214390,222.333924,0.302488,0.285270
sz.300513,2018-04-26,2018-03-31,0.127134,707.915650,0.176815,509.006192,0.052277,0.048433
sz.300513,2018-08-25,2018-06-30,0.525200,342.726768,0.957358,188.017470,0.268714,0.162819
sz.300513,2018-10-27,2018-09-30,0.914446,295.260654,1.625741,166.078109,0.467850,0.281109
sz.300513,2019-04-25,2019-03-31,0.152015,592.045373,0.380055,236.807992,0.095207,0.047845
sz.300513,2019-08-29,2019-06-30,0.427728,420.828314,1.087247,165.555795,0.262963,0.133628
sz.300513,2019-10-30,2019-09-30,0.660183,408.977242,1.541601,175.142608,0.403984,0.208512
sz.300513,2020-04-28,2020-03-31,0.088510,1016.836576,0.104830,858.536039,0.037965,0.019454
sz.300513,2020-08-28,2020-06-30,0.420993,427.560370,0.466036,386.236063,0.173302,0.089825
sz.300513,2020-10-28,2020-09-30,0.751908,359.086638,0.907436,297.541513,0.329497,0.170289
sz.300518,2017-04-27,2017-03-31,0.584675,153.931646,626.061840,0.143756,0.047103,0.038124
sz.300518,2017-08-29,2017-06-30,1.318480,136.520815,8.000465,22.498691,0.132151,0.081055
sz.300518,2017-10-27,2017-09-30,1.985484,135.986985,4590.332153,0.058819,0.200259,0.122798
sz.300518,2018-04-27,2018-03-31,0.598591,150.353160,,,0.103675,0.042948
sz.300518,2018-08-30,2018-06-30,1.585541,113.525891,,,0.298634,0.123867
sz.300518,2018-10-30,2018-09-30,2.245700,120.229757,,,0.546559,0.180073
sz.300518,2019-04-26,2019-03-31,0.417994,215.314284,,,0.128246,0.030633
sz.300518,2019-08-30,2019-06-30,0.813734,221.202555,,,0.262033,0.058930
sz.300518,2019-10-30,2019-09-30,1.316599,205.073873,,,0.442267,0.093714
sz.300518,2020-04-28,2020-03-31,0.574940,156.538129,,,0.080395,0.031114
sz.300518,2020-08-28,2020-06-30,1.454879,123.721622,,,0.216630,0.081761
sz.300518,2020-10-30,2020-09-30,2.201958,122.618157,,,0.390859,0.138832
sz.300520,2017-04-26,2017-03-31,0.365045,246.545037,1.850674,48.630926,0.121828,0.108411
sz.300520,2017-08-22,2017-06-30,0.797973,225.571633,4.218670,42.667478,0.292350,0.257964
sz.300520,2017-10-26,2017-09-30,1.108368,243.601425,2.569219,105.090299,0.366142,0.325467
sz.300520,2018-04-26,2018-03-31,0.323997,277.780543,0.432988,207.858146,0.117125,0.101803
sz.300520,2018-08-28,2018-06-30,0.802428,224.319132,1.067932,168.550048,0.292695,0.253498
sz.300520,2018-10-27,2018-09-30,1.294613,208.556460,1.605454,168.176776,0.470132,0.406372
sz.300520,2019-04-27,2019-03-31,0.641518,140.292249,1.588779,56.647279,0.287953,0.149766
sz.300520,2019-08-16,2019-06-30,1.389639,129.530040,3.897554,46.182811,0.633069,0.327109
sz.300520,2019-10-29,2019-09-30,1.989685,135.699903,5.405732,49.946981,0.943037,0.481218
sz.300520,2020-04-28,2020-03-31,0.529276,170.043537,1.029130,87.452545,0.146537,0.078190
sz.300520,2020-08-25,2020-06-30,1.638502,109.856447,3.324571,54.142328,0.464977,0.254080
sz.300520,2020-10-29,2020-09-30,2.337348,115.515546,4.146731,65.111538,0.659715,0.361869
sz.300541,2017-04-26,2017-03-31,0.217707,413.400117,0.320089,281.172156,0.086575,0.083163
sz.300541,2017-08-03,2017-06-30,0.782384,230.066095,1.627681,110.586780,0.344215,0.330524
sz.300541,2017-10-27,2017-09-30,1.166446,231.472344,2.148522,125.667778,0.493308,0.463536
sz.300541,2018-04-27,2018-03-31,0.193986,463.950462,0.287360,313.195864,0.090929,0.077386
sz.300541,2018-08-17,2018-06-30,0.987167,182.340010,1.946191,92.488334,0.461302,0.397467
sz.300541,2018-10-29,2018-09-30,1.536167,175.762132,1.874772,144.017506,0.693790,0.597759
sz.300541,2019-04-25,2019-03-31,0.644594,139.622763,0.697645,129.005498,0.276096,0.235720
sz.300541,2019-08-21,2019-06-30,1.646005,109.355714,2.073886,86.793598,0.727056,0.608808
sz.300541,2019-10-24,2019-09-30,2.220431,121.598017,2.471476,109.246442,0.966884,0.806041
sz.300541,2020-04-24,2020-03-31,1.278970,70.369102,0.886478,101.525409,0.424584,0.365300
sz.300541,2020-08-25,2020-06-30,1.797607,100.133135,1.146643,156.979966,0.614750,0.522658
sz.300541,2020-10-27,2020-09-30,2.340803,115.345032,2.214120,121.944592,1.033585,0.902649
sz.300550,2017-04-26,2017-03-31,0.243593,369.468744,67.427988,1.334757,0.094978,0.066097
sz.300550,2017-08-29,2017-06-30,0.617939,291.290988,179.193325,1.004502,0.258535,0.182025
sz.300550,2017-10-28,2017-09-30,0.897212,300.932264,315.664324,0.855339,0.399878,0.284254
sz.300550,2018-04-25,2018-03-31,0.235612,381.984390,19.068392,4.719853,0.098430,0.068715
sz.300550,2018-08-30,2018-06-30,0.604940,297.550216,44.737514,4.023469,0.280694,0.198642
sz.300550,2018-10-29,2018-09-30,0.914241,295.327068,72.111595,3.744197,0.411028,0.297865
sz.300550,2019-04-26,2019-03-31,0.200606,448.640579,14.997088,6.001165,0.087251,0.067731
sz.300550,2019-08-30,2019-06-30,0.566550,317.712490,25.154545,7.155765,0.254993,0.197806
sz.300550,2019-10-18,2019-09-30,0.862254,313.132634,37.944046,7.115741,0.399304,0.310449
sz.300550,2020-04-27,2020-03-31,0.196988,456.880644,6.108003,14.734767,0.074560,0.057959
sz.300550,2020-08-28,2020-06-30,0.573922,313.631395,17.846075,10.086251,0.222888,0.172541
sz.300550,2020-10-29,2020-09-30,1.015007,266.007912,24.189512,11.161862,0.285183,0.233796
sz.300560,2017-04-27,2017-03-31,0.334147,269.342759,,,0.206504,0.184429
sz.300560,2017-08-29,2017-06-30,0.615615,292.390580,,,0.392846,0.346985
sz.300560,2017-10-27,2017-09-30,0.863853,312.553213,,,0.571226,0.502207
sz.300560,2018-04-26,2018-03-31,0.311975,288.485111,65.620926,1.371514,0.236041,0.194489
sz.300560,2018-08-17,2018-06-30,0.600058,299.970881,254.991559,0.705906,0.467769,0.385464
sz.300560,2018-10-27,2018-09-30,0.862801,312.934116,345.404775,0.781692,0.671206,0.555805
sz.300560,2019-04-27,2019-03-31,0.292523,307.668143,4.641726,19.389339,0.214446,0.144903
sz.300560,2019-08-27,2019-06-30,0.542223,331.967008,7.315179,24.606370,0.389780,0.266334
sz.300560,2019-10-29,2019-09-30,0.803767,335.918179,9.366638,28.825711,0.586341,0.402912
sz.300560,2020-04-30,2020-03-31,0.326777,275.416995,5.222702,17.232460,0.252668,0.169387
sz.300560,2020-08-28,2020-06-30,0.587251,306.512671,9.278793,19.399075,0.458486,0.312587
sz.300560,2020-10-30,2020-09-30,0.910679,296.482104,9.319710,28.970857,0.645328,0.466271
sz.300578,2017-04-26,2017-03-31,0.859515,104.710247,56.244776,1.600149,0.280644,0.247559
sz.300578,2017-08-29,2017-06-30,1.738487,103.538286,148.343107,1.213403,0.613539,0.540941
sz.300578,2017-10-30,2017-09-30,2.553537,105.735691,168.109028,1.606101,0.944912,0.834195
sz.300578,2018-04-27,2018-03-31,0.719059,125.163656,18.606557,4.837005,0.209875,0.156025
sz.300578,2018-08-30,2018-06-30,1.476257,121.929992,25.679927,7.009366,0.427241,0.314202
sz.300578,2018-10-30,2018-09-30,2.368416,114.000235,34.755346,7.768589,0.645627,0.478813
sz.300578,2019-04-29,2019-03-31,0.810871,110.991722,1.827227,49.254975,0.276371,0.132030
sz.300578,2019-08-30,2019-06-30,1.499458,120.043342,3.464214,51.959844,0.497907,0.246250
sz.300578,2019-10-29,2019-09-30,2.193033,123.117142,4.422284,61.054425,0.727761,0.364130
sz.300578,2020-04-28,2020-03-31,0.482208,186.641628,0.927067,97.080356,0.241030,0.086844
sz.300578,2020-08-28,2020-06-30,1.093015,164.682146,1.537165,117.098700,0.496695,0.188060
sz.300578,2020-10-27,2020-09-30,1.995362,135.313778,2.435844,110.844538,0.837845,0.336890
sz.300588,2017-04-20,2017-03-31,0.532058,169.154572,0.566318,158.921412,0.198056,0.184211
sz.300588,2017-08-22,2017-06-30,1.138268,158.135042,1.539975,116.885040,0.496131,0.463126
sz.300588,2017-10-30,2017-09-30,1.488205,181.426606,1.786809,151.107395,0.662320,0.618378
sz.300588,2018-04-24,2018-03-31,0.120717,745.546930,0.137494,654.571788,0.058851,0.048949
sz.300588,2018-08-03,2018-06-30,0.349295,515.323455,0.437442,411.482945,0.172043,0.142788
sz.300588,2018-10-29,2018-09-30,1.095989,246.352728,2.472139,109.217168,0.598338,0.485265
sz.300588,2019-04-25,2019-03-31,0.037532,2397.945144,0.114303,787.382512,0.021517,0.017550
sz.300588,2019-08-10,2019-06-30,0.222490,809.026705,0.809156,222.453891,0.132542,0.105621
sz.300588,2019-10-25,2019-09-30,0.330745,816.338696,1.313099,205.620413,0.203598,0.164394
sz.300588,2020-04-21,2020-03-31,0.025655,3508.060498,0.102361,879.241912,0.015145,0.012506
sz.300588,2020-08-27,2020-06-30,0.151037,1191.763736,0.564458,318.890253,0.090745,0.074559
sz.300588,2020-10-29,2020-09-30,0.285585,945.427696,1.220022,221.307408,0.177708,0.145257
sz.300605,2017-04-25,2017-03-31,0.561213,160.366961,0.128276,701.611872,0.097177,0.088737
sz.300605,2017-08-28,2017-06-30,1.823069,98.734600,0.406991,442.270720,0.314231,0.286859
sz.300605,2017-10-26,2017-09-30,2.613674,103.302852,0.707129,381.825665,0.545817,0.499117
sz.300605,2018-04-25,2018-03-31,0.497507,180.902052,0.109833,819.427166,0.086483,0.079796
sz.300605,2018-08-29,2018-06-30,1.412250,127.456215,0.295511,609.113639,0.253668,0.233973
sz.300605,2018-10-29,2018-09-30,2.593437,104.108930,0.541859,498.284913,0.459239,0.424474
sz.300605,2019-04-25,2019-03-31,0.582961,154.384359,0.104925,857.753429,0.086732,0.080610
sz.300605,2019-08-16,2019-06-30,1.619184,111.167130,0.277035,649.737488,0.242438,0.225618
sz.300605,2019-10-26,2019-09-30,2.999859,90.004225,0.534679,504.975911,0.461251,0.429548
sz.300605,2020-04-29,2020-03-31,0.434203,207.276488,0.185054,486.345341,0.074524,0.069574
sz.300605,2020-08-27,2020-06-30,1.147516,156.860571,0.488064,368.803960,0.196839,0.181717
sz.300605,2020-10-28,2020-09-30,2.054171,131.439911,0.957402,282.013180,0.367853,0.339935
sz.300663,2017-08-29,2017-06-30,0.428897,419.681439,1.104943,162.904316,0.236318,0.227063
sz.300663,2017-10-28,2017-09-30,0.627953,429.968810,1.347870,200.316055,0.343262,0.327675
sz.300663,2018-04-26,2018-03-31,0.144749,621.765116,0.322725,278.874798,0.069023,0.066255
sz.300663,2018-08-30,2018-06-30,0.397584,452.734223,0.813013,221.398600,0.191538,0.183404
sz.300663,2018-10-30,2018-09-30,0.604321,446.782618,1.104587,244.435199,0.284941,0.268881
sz.300663,2019-04-29,2019-03-31,0.193395,465.369525,0.307609,292.579320,0.091162,0.080101
sz.300663,2019-08-30,2019-06-30,0.458820,392.310730,0.708098,254.202238,0.227169,0.195682
sz.300663,2019-10-30,2019-09-30,0.764773,353.046015,1.259757,214.327123,0.385459,0.325024
sz.300663,2020-04-29,2020-03-31,0.227507,395.593028,0.353300,254.741330,0.130232,0.104643
sz.300663,2020-08-28,2020-06-30,0.512877,350.961201,0.837641,214.889129,0.300082,0.238488
sz.300663,2020-10-30,2020-09-30,0.790807,341.423556,1.219208,221.455289,0.466977,0.354182
sz.300687,2017-08-29,2017-06-30,1.270217,141.708042,,,0.839700,0.778737
sz.300687,2017-10-28,2017-09-30,1.868653,144.489132,,,0.836118,0.795419
sz.300687,2018-04-25,2018-03-31,0.425971,211.281966,,,0.182202,0.176137
sz.300687,2018-08-30,2018-06-30,0.910258,197.746142,316.929378,0.567950,0.416769,0.377622
sz.300687,2018-10-27,2018-09-30,1.443564,187.037030,359.045823,0.751993,0.708416,0.637896
sz.300687,2019-04-25,2019-03-31,0.428765,209.905093,93.991970,0.957529,0.218904,0.180440
sz.300687,2019-08-30,2019-06-30,0.983819,182.960506,192.047339,0.937269,0.523086,0.424225
sz.300687,2019-10-29,2019-09-30,1.609157,167.789736,322.467584,0.837293,0.766139,0.627803
sz.300687,2020-04-29,2020-03-31,0.524482,171.598041,5.261034,17.106903,0.247611,0.183695
sz.300687,2020-08-28,2020-06-30,1.096796,164.114400,10.548030,17.064797,0.526926,0.387594
sz.300687,2020-10-30,2020-09-30,1.777251,151.919976,17.918442,15.068275,0.787682,0.584505
